asset_guid,object_id,asset_name,asset_path,setting,label,value,type,minimum,maximum,description
74d11c7c8cbb4e52b713d2a9c1f9e201,11400000,Player House Building,Assets/Nature  Paradaise/Resources/Buildings/Player House Building.asset,canDemolish,Can Demolish,FALSE,Boolean,,,"Pengaturan Can Demolish pada data game. Nilai awal berasal dari asset, bukan contoh. Lihat Inspector untuk konteks entri."
74d11c7c8cbb4e52b713d2a9c1f9e201,11400000,Player House Building,Assets/Nature  Paradaise/Resources/Buildings/Player House Building.asset,canRelocate,Can Relocate,FALSE,Boolean,,,"Pengaturan Can Relocate pada data game. Nilai awal berasal dari asset, bukan contoh. Lihat Inspector untuk konteks entri."
74d11c7c8cbb4e52b713d2a9c1f9e201,11400000,Player House Building,Assets/Nature  Paradaise/Resources/Buildings/Player House Building.asset,defaultPlacementYaw,Default Placement Yaw,0,Float,-180,180,Arah awal bangunan pada sumbu Y. Preview tidak mengambil arah hadap player; gunakan T untuk memutarnya.
74d11c7c8cbb4e52b713d2a9c1f9e201,11400000,Player House Building,Assets/Nature  Paradaise/Resources/Buildings/Player House Building.asset,footprintDepth,Footprint Depth,5,Integer,1,,Kedalaman area grid yang harus kosong ketika bangunan ditempatkan.
74d11c7c8cbb4e52b713d2a9c1f9e201,11400000,Player House Building,Assets/Nature  Paradaise/Resources/Buildings/Player House Building.asset,footprintWidth,Footprint Width,6,Integer,1,,Lebar area grid yang harus kosong ketika bangunan ditempatkan.
74d11c7c8cbb4e52b713d2a9c1f9e201,11400000,Player House Building,Assets/Nature  Paradaise/Resources/Buildings/Player House Building.asset,levels.Array.data[0].capacity,Capacity,8,Integer,0,,"Kapasitas generik, misalnya jumlah hewan atau slot storage."
74d11c7c8cbb4e52b713d2a9c1f9e201,11400000,Player House Building,Assets/Nature  Paradaise/Resources/Buildings/Player House Building.asset,levels.Array.data[0].constructionDays,Construction Days,0,Integer,0,,Jumlah pergantian hari sebelum konstruksi selesai.
74d11c7c8cbb4e52b713d2a9c1f9e201,11400000,Player House Building,Assets/Nature  Paradaise/Resources/Buildings/Player House Building.asset,levels.Array.data[0].goldCost,Gold Cost,0,Integer,0,,Gold yang dibayar ketika level ini mulai dibangun.
74d11c7c8cbb4e52b713d2a9c1f9e201,11400000,Player House Building,Assets/Nature  Paradaise/Resources/Buildings/Player House Building.asset,levels.Array.data[0].level,Level,1,Integer,1,,"Pengaturan Level pada data game. Nilai awal berasal dari asset, bukan contoh. Lihat Inspector untuk konteks entri."
74d11c7c8cbb4e52b713d2a9c1f9e201,11400000,Player House Building,Assets/Nature  Paradaise/Resources/Buildings/Player House Building.asset,levels.Array.data[0].requiredVillageLevel,Required Village Level,0,Integer,0,,Village Level minimum sebelum level bangunan ini dapat dibeli.
74d11c7c8cbb4e52b713d2a9c1f9e201,11400000,Player House Building,Assets/Nature  Paradaise/Resources/Buildings/Player House Building.asset,levels.Array.data[0].unlockIds.Array.data[0].Array.data[0],Element 0,104,Integer,,,"ID fitur yang dibuka ketika level selesai, misalnya kitchen atau storage."
74d11c7c8cbb4e52b713d2a9c1f9e201,11400000,Player House Building,Assets/Nature  Paradaise/Resources/Buildings/Player House Building.asset,levels.Array.data[0].unlockIds.Array.data[0].Array.data[1],Element 1,111,Integer,,,"ID fitur yang dibuka ketika level selesai, misalnya kitchen atau storage."
74d11c7c8cbb4e52b713d2a9c1f9e201,11400000,Player House Building,Assets/Nature  Paradaise/Resources/Buildings/Player House Building.asset,levels.Array.data[0].unlockIds.Array.data[0].Array.data[2],Element 2,117,Integer,,,"ID fitur yang dibuka ketika level selesai, misalnya kitchen atau storage."
74d11c7c8cbb4e52b713d2a9c1f9e201,11400000,Player House Building,Assets/Nature  Paradaise/Resources/Buildings/Player House Building.asset,levels.Array.data[0].unlockIds.Array.data[0].Array.data[3],Element 3,115,Integer,,,"ID fitur yang dibuka ketika level selesai, misalnya kitchen atau storage."
74d11c7c8cbb4e52b713d2a9c1f9e201,11400000,Player House Building,Assets/Nature  Paradaise/Resources/Buildings/Player House Building.asset,levels.Array.data[0].unlockIds.Array.data[0].Array.data[4],Element 4,101,Integer,,,"ID fitur yang dibuka ketika level selesai, misalnya kitchen atau storage."
74d11c7c8cbb4e52b713d2a9c1f9e201,11400000,Player House Building,Assets/Nature  Paradaise/Resources/Buildings/Player House Building.asset,levels.Array.data[0].unlockIds.Array.data[0].Array.data[5],Element 5,46,Integer,,,"ID fitur yang dibuka ketika level selesai, misalnya kitchen atau storage."
74d11c7c8cbb4e52b713d2a9c1f9e201,11400000,Player House Building,Assets/Nature  Paradaise/Resources/Buildings/Player House Building.asset,levels.Array.data[0].unlockIds.Array.data[0].Array.data[6],Element 6,98,Integer,,,"ID fitur yang dibuka ketika level selesai, misalnya kitchen atau storage."
74d11c7c8cbb4e52b713d2a9c1f9e201,11400000,Player House Building,Assets/Nature  Paradaise/Resources/Buildings/Player House Building.asset,levels.Array.data[0].unlockIds.Array.data[0].Array.data[7],Element 7,101,Integer,,,"ID fitur yang dibuka ketika level selesai, misalnya kitchen atau storage."
74d11c7c8cbb4e52b713d2a9c1f9e201,11400000,Player House Building,Assets/Nature  Paradaise/Resources/Buildings/Player House Building.asset,levels.Array.data[0].unlockIds.Array.data[0].Array.data[8],Element 8,100,Integer,,,"ID fitur yang dibuka ketika level selesai, misalnya kitchen atau storage."
74d11c7c8cbb4e52b713d2a9c1f9e201,11400000,Player House Building,Assets/Nature  Paradaise/Resources/Buildings/Player House Building.asset,levels.Array.data[0].unlockIds.Array.data[1].Array.data[0],Element 0,104,Integer,,,"ID fitur yang dibuka ketika level selesai, misalnya kitchen atau storage."
74d11c7c8cbb4e52b713d2a9c1f9e201,11400000,Player House Building,Assets/Nature  Paradaise/Resources/Buildings/Player House Building.asset,levels.Array.data[0].unlockIds.Array.data[1].Array.data[10],Element 10,45,Integer,,,"ID fitur yang dibuka ketika level selesai, misalnya kitchen atau storage."
74d11c7c8cbb4e52b713d2a9c1f9e201,11400000,Player House Building,Assets/Nature  Paradaise/Resources/Buildings/Player House Building.asset,levels.Array.data[0].unlockIds.Array.data[1].Array.data[11],Element 11,98,Integer,,,"ID fitur yang dibuka ketika level selesai, misalnya kitchen atau storage."
74d11c7c8cbb4e52b713d2a9c1f9e201,11400000,Player House Building,Assets/Nature  Paradaise/Resources/Buildings/Player House Building.asset,levels.Array.data[0].unlockIds.Array.data[1].Array.data[12],Element 12,111,Integer,,,"ID fitur yang dibuka ketika level selesai, misalnya kitchen atau storage."
74d11c7c8cbb4e52b713d2a9c1f9e201,11400000,Player House Building,Assets/Nature  Paradaise/Resources/Buildings/Player House Building.asset,levels.Array.data[0].unlockIds.Array.data[1].Array.data[13],Element 13,111,Integer,,,"ID fitur yang dibuka ketika level selesai, misalnya kitchen atau storage."
74d11c7c8cbb4e52b713d2a9c1f9e201,11400000,Player House Building,Assets/Nature  Paradaise/Resources/Buildings/Player House Building.asset,levels.Array.data[0].unlockIds.Array.data[1].Array.data[14],Element 14,107,Integer,,,"ID fitur yang dibuka ketika level selesai, misalnya kitchen atau storage."
74d11c7c8cbb4e52b713d2a9c1f9e201,11400000,Player House Building,Assets/Nature  Paradaise/Resources/Buildings/Player House Building.asset,levels.Array.data[0].unlockIds.Array.data[1].Array.data[1],Element 1,111,Integer,,,"ID fitur yang dibuka ketika level selesai, misalnya kitchen atau storage."
74d11c7c8cbb4e52b713d2a9c1f9e201,11400000,Player House Building,Assets/Nature  Paradaise/Resources/Buildings/Player House Building.asset,levels.Array.data[0].unlockIds.Array.data[1].Array.data[2],Element 2,117,Integer,,,"ID fitur yang dibuka ketika level selesai, misalnya kitchen atau storage."
74d11c7c8cbb4e52b713d2a9c1f9e201,11400000,Player House Building,Assets/Nature  Paradaise/Resources/Buildings/Player House Building.asset,levels.Array.data[0].unlockIds.Array.data[1].Array.data[3],Element 3,115,Integer,,,"ID fitur yang dibuka ketika level selesai, misalnya kitchen atau storage."
74d11c7c8cbb4e52b713d2a9c1f9e201,11400000,Player House Building,Assets/Nature  Paradaise/Resources/Buildings/Player House Building.asset,levels.Array.data[0].unlockIds.Array.data[1].Array.data[4],Element 4,101,Integer,,,"ID fitur yang dibuka ketika level selesai, misalnya kitchen atau storage."
74d11c7c8cbb4e52b713d2a9c1f9e201,11400000,Player House Building,Assets/Nature  Paradaise/Resources/Buildings/Player House Building.asset,levels.Array.data[0].unlockIds.Array.data[1].Array.data[5],Element 5,46,Integer,,,"ID fitur yang dibuka ketika level selesai, misalnya kitchen atau storage."
74d11c7c8cbb4e52b713d2a9c1f9e201,11400000,Player House Building,Assets/Nature  Paradaise/Resources/Buildings/Player House Building.asset,levels.Array.data[0].unlockIds.Array.data[1].Array.data[6],Element 6,115,Integer,,,"ID fitur yang dibuka ketika level selesai, misalnya kitchen atau storage."
74d11c7c8cbb4e52b713d2a9c1f9e201,11400000,Player House Building,Assets/Nature  Paradaise/Resources/Buildings/Player House Building.asset,levels.Array.data[0].unlockIds.Array.data[1].Array.data[7],Element 7,97,Integer,,,"ID fitur yang dibuka ketika level selesai, misalnya kitchen atau storage."
74d11c7c8cbb4e52b713d2a9c1f9e201,11400000,Player House Building,Assets/Nature  Paradaise/Resources/Buildings/Player House Building.asset,levels.Array.data[0].unlockIds.Array.data[1].Array.data[8],Element 8,118,Integer,,,"ID fitur yang dibuka ketika level selesai, misalnya kitchen atau storage."
74d11c7c8cbb4e52b713d2a9c1f9e201,11400000,Player House Building,Assets/Nature  Paradaise/Resources/Buildings/Player House Building.asset,levels.Array.data[0].unlockIds.Array.data[1].Array.data[9],Element 9,101,Integer,,,"ID fitur yang dibuka ketika level selesai, misalnya kitchen atau storage."
74d11c7c8cbb4e52b713d2a9c1f9e201,11400000,Player House Building,Assets/Nature  Paradaise/Resources/Buildings/Player House Building.asset,levels.Array.data[0].unlockIds.Array.data[2].Array.data[0],Element 0,104,Integer,,,"ID fitur yang dibuka ketika level selesai, misalnya kitchen atau storage."
74d11c7c8cbb4e52b713d2a9c1f9e201,11400000,Player House Building,Assets/Nature  Paradaise/Resources/Buildings/Player House Building.asset,levels.Array.data[0].unlockIds.Array.data[2].Array.data[10],Element 10,111,Integer,,,"ID fitur yang dibuka ketika level selesai, misalnya kitchen atau storage."
74d11c7c8cbb4e52b713d2a9c1f9e201,11400000,Player House Building,Assets/Nature  Paradaise/Resources/Buildings/Player House Building.asset,levels.Array.data[0].unlockIds.Array.data[2].Array.data[1],Element 1,111,Integer,,,"ID fitur yang dibuka ketika level selesai, misalnya kitchen atau storage."
74d11c7c8cbb4e52b713d2a9c1f9e201,11400000,Player House Building,Assets/Nature  Paradaise/Resources/Buildings/Player House Building.asset,levels.Array.data[0].unlockIds.Array.data[2].Array.data[2],Element 2,117,Integer,,,"ID fitur yang dibuka ketika level selesai, misalnya kitchen atau storage."
74d11c7c8cbb4e52b713d2a9c1f9e201,11400000,Player House Building,Assets/Nature  Paradaise/Resources/Buildings/Player House Building.asset,levels.Array.data[0].unlockIds.Array.data[2].Array.data[3],Element 3,115,Integer,,,"ID fitur yang dibuka ketika level selesai, misalnya kitchen atau storage."
74d11c7c8cbb4e52b713d2a9c1f9e201,11400000,Player House Building,Assets/Nature  Paradaise/Resources/Buildings/Player House Building.asset,levels.Array.data[0].unlockIds.Array.data[2].Array.data[4],Element 4,101,Integer,,,"ID fitur yang dibuka ketika level selesai, misalnya kitchen atau storage."
74d11c7c8cbb4e52b713d2a9c1f9e201,11400000,Player House Building,Assets/Nature  Paradaise/Resources/Buildings/Player House Building.asset,levels.Array.data[0].unlockIds.Array.data[2].Array.data[5],Element 5,46,Integer,,,"ID fitur yang dibuka ketika level selesai, misalnya kitchen atau storage."
74d11c7c8cbb4e52b713d2a9c1f9e201,11400000,Player House Building,Assets/Nature  Paradaise/Resources/Buildings/Player House Building.asset,levels.Array.data[0].unlockIds.Array.data[2].Array.data[6],Element 6,114,Integer,,,"ID fitur yang dibuka ketika level selesai, misalnya kitchen atau storage."
74d11c7c8cbb4e52b713d2a9c1f9e201,11400000,Player House Building,Assets/Nature  Paradaise/Resources/Buildings/Player House Building.asset,levels.Array.data[0].unlockIds.Array.data[2].Array.data[7],Element 7,97,Integer,,,"ID fitur yang dibuka ketika level selesai, misalnya kitchen atau storage."
74d11c7c8cbb4e52b713d2a9c1f9e201,11400000,Player House Building,Assets/Nature  Paradaise/Resources/Buildings/Player House Building.asset,levels.Array.data[0].unlockIds.Array.data[2].Array.data[8],Element 8,100,Integer,,,"ID fitur yang dibuka ketika level selesai, misalnya kitchen atau storage."
74d11c7c8cbb4e52b713d2a9c1f9e201,11400000,Player House Building,Assets/Nature  Paradaise/Resources/Buildings/Player House Building.asset,levels.Array.data[0].unlockIds.Array.data[2].Array.data[9],Element 9,105,Integer,,,"ID fitur yang dibuka ketika level selesai, misalnya kitchen atau storage."
74d11c7c8cbb4e52b713d2a9c1f9e201,11400000,Player House Building,Assets/Nature  Paradaise/Resources/Buildings/Player House Building.asset,levels.Array.data[0].unlockIds.Array.data[3].Array.data[0],Element 0,104,Integer,,,"ID fitur yang dibuka ketika level selesai, misalnya kitchen atau storage."
74d11c7c8cbb4e52b713d2a9c1f9e201,11400000,Player House Building,Assets/Nature  Paradaise/Resources/Buildings/Player House Building.asset,levels.Array.data[0].unlockIds.Array.data[3].Array.data[10],Element 10,99,Integer,,,"ID fitur yang dibuka ketika level selesai, misalnya kitchen atau storage."
74d11c7c8cbb4e52b713d2a9c1f9e201,11400000,Player House Building,Assets/Nature  Paradaise/Resources/Buildings/Player House Building.asset,levels.Array.data[0].unlockIds.Array.data[3].Array.data[11],Element 11,45,Integer,,,"ID fitur yang dibuka ketika level selesai, misalnya kitchen atau storage."
74d11c7c8cbb4e52b713d2a9c1f9e201,11400000,Player House Building,Assets/Nature  Paradaise/Resources/Buildings/Player House Building.asset,levels.Array.data[0].unlockIds.Array.data[3].Array.data[12],Element 12,115,Integer,,,"ID fitur yang dibuka ketika level selesai, misalnya kitchen atau storage."
74d11c7c8cbb4e52b713d2a9c1f9e201,11400000,Player House Building,Assets/Nature  Paradaise/Resources/Buildings/Player House Building.asset,levels.Array.data[0].unlockIds.Array.data[3].Array.data[13],Element 13,116,Integer,,,"ID fitur yang dibuka ketika level selesai, misalnya kitchen atau storage."
74d11c7c8cbb4e52b713d2a9c1f9e201,11400000,Player House Building,Assets/Nature  Paradaise/Resources/Buildings/Player House Building.asset,levels.Array.data[0].unlockIds.Array.data[3].Array.data[14],Element 14,111,Integer,,,"ID fitur yang dibuka ketika level selesai, misalnya kitchen atau storage."
74d11c7c8cbb4e52b713d2a9c1f9e201,11400000,Player House Building,Assets/Nature  Paradaise/Resources/Buildings/Player House Building.asset,levels.Array.data[0].unlockIds.Array.data[3].Array.data[15],Element 15,114,Integer,,,"ID fitur yang dibuka ketika level selesai, misalnya kitchen atau storage."
74d11c7c8cbb4e52b713d2a9c1f9e201,11400000,Player House Building,Assets/Nature  Paradaise/Resources/Buildings/Player House Building.asset,levels.Array.data[0].unlockIds.Array.data[3].Array.data[16],Element 16,97,Integer,,,"ID fitur yang dibuka ketika level selesai, misalnya kitchen atau storage."
74d11c7c8cbb4e52b713d2a9c1f9e201,11400000,Player House Building,Assets/Nature  Paradaise/Resources/Buildings/Player House Building.asset,levels.Array.data[0].unlockIds.Array.data[3].Array.data[17],Element 17,103,Integer,,,"ID fitur yang dibuka ketika level selesai, misalnya kitchen atau storage."
74d11c7c8cbb4e52b713d2a9c1f9e201,11400000,Player House Building,Assets/Nature  Paradaise/Resources/Buildings/Player House Building.asset,levels.Array.data[0].unlockIds.Array.data[3].Array.data[18],Element 18,101,Integer,,,"ID fitur yang dibuka ketika level selesai, misalnya kitchen atau storage."
74d11c7c8cbb4e52b713d2a9c1f9e201,11400000,Player House Building,Assets/Nature  Paradaise/Resources/Buildings/Player House Building.asset,levels.Array.data[0].unlockIds.Array.data[3].Array.data[1],Element 1,111,Integer,,,"ID fitur yang dibuka ketika level selesai, misalnya kitchen atau storage."
74d11c7c8cbb4e52b713d2a9c1f9e201,11400000,Player House Building,Assets/Nature  Paradaise/Resources/Buildings/Player House Building.asset,levels.Array.data[0].unlockIds.Array.data[3].Array.data[2],Element 2,117,Integer,,,"ID fitur yang dibuka ketika level selesai, misalnya kitchen atau storage."
74d11c7c8cbb4e52b713d2a9c1f9e201,11400000,Player House Building,Assets/Nature  Paradaise/Resources/Buildings/Player House Building.asset,levels.Array.data[0].unlockIds.Array.data[3].Array.data[3],Element 3,115,Integer,,,"ID fitur yang dibuka ketika level selesai, misalnya kitchen atau storage."
74d11c7c8cbb4e52b713d2a9c1f9e201,11400000,Player House Building,Assets/Nature  Paradaise/Resources/Buildings/Player House Building.asset,levels.Array.data[0].unlockIds.Array.data[3].Array.data[4],Element 4,101,Integer,,,"ID fitur yang dibuka ketika level selesai, misalnya kitchen atau storage."
74d11c7c8cbb4e52b713d2a9c1f9e201,11400000,Player House Building,Assets/Nature  Paradaise/Resources/Buildings/Player House Building.asset,levels.Array.data[0].unlockIds.Array.data[3].Array.data[5],Element 5,46,Integer,,,"ID fitur yang dibuka ketika level selesai, misalnya kitchen atau storage."
74d11c7c8cbb4e52b713d2a9c1f9e201,11400000,Player House Building,Assets/Nature  Paradaise/Resources/Buildings/Player House Building.asset,levels.Array.data[0].unlockIds.Array.data[3].Array.data[6],Element 6,98,Integer,,,"ID fitur yang dibuka ketika level selesai, misalnya kitchen atau storage."
74d11c7c8cbb4e52b713d2a9c1f9e201,11400000,Player House Building,Assets/Nature  Paradaise/Resources/Buildings/Player House Building.asset,levels.Array.data[0].unlockIds.Array.data[3].Array.data[7],Element 7,97,Integer,,,"ID fitur yang dibuka ketika level selesai, misalnya kitchen atau storage."
74d11c7c8cbb4e52b713d2a9c1f9e201,11400000,Player House Building,Assets/Nature  Paradaise/Resources/Buildings/Player House Building.asset,levels.Array.data[0].unlockIds.Array.data[3].Array.data[8],Element 8,115,Integer,,,"ID fitur yang dibuka ketika level selesai, misalnya kitchen atau storage."
74d11c7c8cbb4e52b713d2a9c1f9e201,11400000,Player House Building,Assets/Nature  Paradaise/Resources/Buildings/Player House Building.asset,levels.Array.data[0].unlockIds.Array.data[3].Array.data[9],Element 9,105,Integer,,,"ID fitur yang dibuka ketika level selesai, misalnya kitchen atau storage."
74d11c7c8cbb4e52b713d2a9c1f9e201,11400000,Player House Building,Assets/Nature  Paradaise/Resources/Buildings/Player House Building.asset,levels.Array.data[0].unlockIds.Array.data[4].Array.data[0],Element 0,104,Integer,,,"ID fitur yang dibuka ketika level selesai, misalnya kitchen atau storage."
74d11c7c8cbb4e52b713d2a9c1f9e201,11400000,Player House Building,Assets/Nature  Paradaise/Resources/Buildings/Player House Building.asset,levels.Array.data[0].unlockIds.Array.data[4].Array.data[10],Element 10,110,Integer,,,"ID fitur yang dibuka ketika level selesai, misalnya kitchen atau storage."
74d11c7c8cbb4e52b713d2a9c1f9e201,11400000,Player House Building,Assets/Nature  Paradaise/Resources/Buildings/Player House Building.asset,levels.Array.data[0].unlockIds.Array.data[4].Array.data[11],Element 11,103,Integer,,,"ID fitur yang dibuka ketika level selesai, misalnya kitchen atau storage."
74d11c7c8cbb4e52b713d2a9c1f9e201,11400000,Player House Building,Assets/Nature  Paradaise/Resources/Buildings/Player House Building.asset,levels.Array.data[0].unlockIds.Array.data[4].Array.data[12],Element 12,45,Integer,,,"ID fitur yang dibuka ketika level selesai, misalnya kitchen atau storage."
74d11c7c8cbb4e52b713d2a9c1f9e201,11400000,Player House Building,Assets/Nature  Paradaise/Resources/Buildings/Player House Building.asset,levels.Array.data[0].unlockIds.Array.data[4].Array.data[13],Element 13,97,Integer,,,"ID fitur yang dibuka ketika level selesai, misalnya kitchen atau storage."
74d11c7c8cbb4e52b713d2a9c1f9e201,11400000,Player House Building,Assets/Nature  Paradaise/Resources/Buildings/Player House Building.asset,levels.Array.data[0].unlockIds.Array.data[4].Array.data[14],Element 14,114,Integer,,,"ID fitur yang dibuka ketika level selesai, misalnya kitchen atau storage."
74d11c7c8cbb4e52b713d2a9c1f9e201,11400000,Player House Building,Assets/Nature  Paradaise/Resources/Buildings/Player House Building.asset,levels.Array.data[0].unlockIds.Array.data[4].Array.data[15],Element 15,101,Integer,,,"ID fitur yang dibuka ketika level selesai, misalnya kitchen atau storage."
74d11c7c8cbb4e52b713d2a9c1f9e201,11400000,Player House Building,Assets/Nature  Paradaise/Resources/Buildings/Player House Building.asset,levels.Array.data[0].unlockIds.Array.data[4].Array.data[16],Element 16,97,Integer,,,"ID fitur yang dibuka ketika level selesai, misalnya kitchen atau storage."
74d11c7c8cbb4e52b713d2a9c1f9e201,11400000,Player House Building,Assets/Nature  Paradaise/Resources/Buildings/Player House Building.asset,levels.Array.data[0].unlockIds.Array.data[4].Array.data[1],Element 1,111,Integer,,,"ID fitur yang dibuka ketika level selesai, misalnya kitchen atau storage."
74d11c7c8cbb4e52b713d2a9c1f9e201,11400000,Player House Building,Assets/Nature  Paradaise/Resources/Buildings/Player House Building.asset,levels.Array.data[0].unlockIds.Array.data[4].Array.data[2],Element 2,117,Integer,,,"ID fitur yang dibuka ketika level selesai, misalnya kitchen atau storage."
74d11c7c8cbb4e52b713d2a9c1f9e201,11400000,Player House Building,Assets/Nature  Paradaise/Resources/Buildings/Player House Building.asset,levels.Array.data[0].unlockIds.Array.data[4].Array.data[3],Element 3,115,Integer,,,"ID fitur yang dibuka ketika level selesai, misalnya kitchen atau storage."
74d11c7c8cbb4e52b713d2a9c1f9e201,11400000,Player House Building,Assets/Nature  Paradaise/Resources/Buildings/Player House Building.asset,levels.Array.data[0].unlockIds.Array.data[4].Array.data[4],Element 4,101,Integer,,,"ID fitur yang dibuka ketika level selesai, misalnya kitchen atau storage."
74d11c7c8cbb4e52b713d2a9c1f9e201,11400000,Player House Building,Assets/Nature  Paradaise/Resources/Buildings/Player House Building.asset,levels.Array.data[0].unlockIds.Array.data[4].Array.data[5],Element 5,46,Integer,,,"ID fitur yang dibuka ketika level selesai, misalnya kitchen atau storage."
74d11c7c8cbb4e52b713d2a9c1f9e201,11400000,Player House Building,Assets/Nature  Paradaise/Resources/Buildings/Player House Building.asset,levels.Array.data[0].unlockIds.Array.data[4].Array.data[6],Element 6,100,Integer,,,"ID fitur yang dibuka ketika level selesai, misalnya kitchen atau storage."
74d11c7c8cbb4e52b713d2a9c1f9e201,11400000,Player House Building,Assets/Nature  Paradaise/Resources/Buildings/Player House Building.asset,levels.Array.data[0].unlockIds.Array.data[4].Array.data[7],Element 7,105,Integer,,,"ID fitur yang dibuka ketika level selesai, misalnya kitchen atau storage."
74d11c7c8cbb4e52b713d2a9c1f9e201,11400000,Player House Building,Assets/Nature  Paradaise/Resources/Buildings/Player House Building.asset,levels.Array.data[0].unlockIds.Array.data[4].Array.data[8],Element 8,110,Integer,,,"ID fitur yang dibuka ketika level selesai, misalnya kitchen atau storage."
74d11c7c8cbb4e52b713d2a9c1f9e201,11400000,Player House Building,Assets/Nature  Paradaise/Resources/Buildings/Player House Building.asset,levels.Array.data[0].unlockIds.Array.data[4].Array.data[9],Element 9,105,Integer,,,"ID fitur yang dibuka ketika level selesai, misalnya kitchen atau storage."
74d11c7c8cbb4e52b713d2a9c1f9e201,11400000,Player House Building,Assets/Nature  Paradaise/Resources/Buildings/Player House Building.asset,levels.Array.data[1].capacity,Capacity,16,Integer,0,,"Kapasitas generik, misalnya jumlah hewan atau slot storage."
74d11c7c8cbb4e52b713d2a9c1f9e201,11400000,Player House Building,Assets/Nature  Paradaise/Resources/Buildings/Player House Building.asset,levels.Array.data[1].constructionDays,Construction Days,2,Integer,0,,Jumlah pergantian hari sebelum konstruksi selesai.
74d11c7c8cbb4e52b713d2a9c1f9e201,11400000,Player House Building,Assets/Nature  Paradaise/Resources/Buildings/Player House Building.asset,levels.Array.data[1].goldCost,Gold Cost,250,Integer,0,,Gold yang dibayar ketika level ini mulai dibangun.
74d11c7c8cbb4e52b713d2a9c1f9e201,11400000,Player House Building,Assets/Nature  Paradaise/Resources/Buildings/Player House Building.asset,levels.Array.data[1].level,Level,2,Integer,1,,"Pengaturan Level pada data game. Nilai awal berasal dari asset, bukan contoh. Lihat Inspector untuk konteks entri."
74d11c7c8cbb4e52b713d2a9c1f9e201,11400000,Player House Building,Assets/Nature  Paradaise/Resources/Buildings/Player House Building.asset,levels.Array.data[1].materialCosts.Array.data[0].amount,Amount,12,Integer,1,,Jumlah material yang dibutuhkan. Item: Wood.
74d11c7c8cbb4e52b713d2a9c1f9e201,11400000,Player House Building,Assets/Nature  Paradaise/Resources/Buildings/Player House Building.asset,levels.Array.data[1].materialCosts.Array.data[1].amount,Amount,8,Integer,1,,Jumlah material yang dibutuhkan. Item: Stone.
74d11c7c8cbb4e52b713d2a9c1f9e201,11400000,Player House Building,Assets/Nature  Paradaise/Resources/Buildings/Player House Building.asset,levels.Array.data[1].requiredVillageLevel,Required Village Level,0,Integer,0,,Village Level minimum sebelum level bangunan ini dapat dibeli.
74d11c7c8cbb4e52b713d2a9c1f9e201,11400000,Player House Building,Assets/Nature  Paradaise/Resources/Buildings/Player House Building.asset,levels.Array.data[1].unlockIds.Array.data[0].Array.data[0],Element 0,104,Integer,,,"ID fitur yang dibuka ketika level selesai, misalnya kitchen atau storage."
74d11c7c8cbb4e52b713d2a9c1f9e201,11400000,Player House Building,Assets/Nature  Paradaise/Resources/Buildings/Player House Building.asset,levels.Array.data[1].unlockIds.Array.data[0].Array.data[1],Element 1,111,Integer,,,"ID fitur yang dibuka ketika level selesai, misalnya kitchen atau storage."
74d11c7c8cbb4e52b713d2a9c1f9e201,11400000,Player House Building,Assets/Nature  Paradaise/Resources/Buildings/Player House Building.asset,levels.Array.data[1].unlockIds.Array.data[0].Array.data[2],Element 2,117,Integer,,,"ID fitur yang dibuka ketika level selesai, misalnya kitchen atau storage."
74d11c7c8cbb4e52b713d2a9c1f9e201,11400000,Player House Building,Assets/Nature  Paradaise/Resources/Buildings/Player House Building.asset,levels.Array.data[1].unlockIds.Array.data[0].Array.data[3],Element 3,115,Integer,,,"ID fitur yang dibuka ketika level selesai, misalnya kitchen atau storage."
74d11c7c8cbb4e52b713d2a9c1f9e201,11400000,Player House Building,Assets/Nature  Paradaise/Resources/Buildings/Player House Building.asset,levels.Array.data[1].unlockIds.Array.data[0].Array.data[4],Element 4,101,Integer,,,"ID fitur yang dibuka ketika level selesai, misalnya kitchen atau storage."
74d11c7c8cbb4e52b713d2a9c1f9e201,11400000,Player House Building,Assets/Nature  Paradaise/Resources/Buildings/Player House Building.asset,levels.Array.data[1].unlockIds.Array.data[0].Array.data[5],Element 5,46,Integer,,,"ID fitur yang dibuka ketika level selesai, misalnya kitchen atau storage."
74d11c7c8cbb4e52b713d2a9c1f9e201,11400000,Player House Building,Assets/Nature  Paradaise/Resources/Buildings/Player House Building.asset,levels.Array.data[1].unlockIds.Array.data[0].Array.data[6],Element 6,116,Integer,,,"ID fitur yang dibuka ketika level selesai, misalnya kitchen atau storage."
74d11c7c8cbb4e52b713d2a9c1f9e201,11400000,Player House Building,Assets/Nature  Paradaise/Resources/Buildings/Player House Building.asset,levels.Array.data[1].unlockIds.Array.data[0].Array.data[7],Element 7,118,Integer,,,"ID fitur yang dibuka ketika level selesai, misalnya kitchen atau storage."
74d11c7c8cbb4e52b713d2a9c1f9e201,11400000,Player House Building,Assets/Nature  Paradaise/Resources/Buildings/Player House Building.asset,levels.Array.data[1].unlockIds.Array.data[1].Array.data[0],Element 0,104,Integer,,,"ID fitur yang dibuka ketika level selesai, misalnya kitchen atau storage."
74d11c7c8cbb4e52b713d2a9c1f9e201,11400000,Player House Building,Assets/Nature  Paradaise/Resources/Buildings/Player House Building.asset,levels.Array.data[1].unlockIds.Array.data[1].Array.data[10],Element 10,105,Integer,,,"ID fitur yang dibuka ketika level selesai, misalnya kitchen atau storage."
74d11c7c8cbb4e52b713d2a9c1f9e201,11400000,Player House Building,Assets/Nature  Paradaise/Resources/Buildings/Player House Building.asset,levels.Array.data[1].unlockIds.Array.data[1].Array.data[11],Element 11,103,Integer,,,"ID fitur yang dibuka ketika level selesai, misalnya kitchen atau storage."
74d11c7c8cbb4e52b713d2a9c1f9e201,11400000,Player House Building,Assets/Nature  Paradaise/Resources/Buildings/Player House Building.asset,levels.Array.data[1].unlockIds.Array.data[1].Array.data[12],Element 12,101,Integer,,,"ID fitur yang dibuka ketika level selesai, misalnya kitchen atau storage."
74d11c7c8cbb4e52b713d2a9c1f9e201,11400000,Player House Building,Assets/Nature  Paradaise/Resources/Buildings/Player House Building.asset,levels.Array.data[1].unlockIds.Array.data[1].Array.data[13],Element 13,114,Integer,,,"ID fitur yang dibuka ketika level selesai, misalnya kitchen atau storage."
74d11c7c8cbb4e52b713d2a9c1f9e201,11400000,Player House Building,Assets/Nature  Paradaise/Resources/Buildings/Player House Building.asset,levels.Array.data[1].unlockIds.Array.data[1].Array.data[14],Element 14,97,Integer,,,"ID fitur yang dibuka ketika level selesai, misalnya kitchen atau storage."
74d11c7c8cbb4e52b713d2a9c1f9e201,11400000,Player House Building,Assets/Nature  Paradaise/Resources/Buildings/Player House Building.asset,levels.Array.data[1].unlockIds.Array.data[1].Array.data[15],Element 15,116,Integer,,,"ID fitur yang dibuka ketika level selesai, misalnya kitchen atau storage."
74d11c7c8cbb4e52b713d2a9c1f9e201,11400000,Player House Building,Assets/Nature  Paradaise/Resources/Buildings/Player House Building.asset,levels.Array.data[1].unlockIds.Array.data[1].Array.data[16],Element 16,111,Integer,,,"ID fitur yang dibuka ketika level selesai, misalnya kitchen atau storage."
74d11c7c8cbb4e52b713d2a9c1f9e201,11400000,Player House Building,Assets/Nature  Paradaise/Resources/Buildings/Player House Building.asset,levels.Array.data[1].unlockIds.Array.data[1].Array.data[17],Element 17,114,Integer,,,"ID fitur yang dibuka ketika level selesai, misalnya kitchen atau storage."
74d11c7c8cbb4e52b713d2a9c1f9e201,11400000,Player House Building,Assets/Nature  Paradaise/Resources/Buildings/Player House Building.asset,levels.Array.data[1].unlockIds.Array.data[1].Array.data[1],Element 1,111,Integer,,,"ID fitur yang dibuka ketika level selesai, misalnya kitchen atau storage."
74d11c7c8cbb4e52b713d2a9c1f9e201,11400000,Player House Building,Assets/Nature  Paradaise/Resources/Buildings/Player House Building.asset,levels.Array.data[1].unlockIds.Array.data[1].Array.data[2],Element 2,117,Integer,,,"ID fitur yang dibuka ketika level selesai, misalnya kitchen atau storage."
74d11c7c8cbb4e52b713d2a9c1f9e201,11400000,Player House Building,Assets/Nature  Paradaise/Resources/Buildings/Player House Building.asset,levels.Array.data[1].unlockIds.Array.data[1].Array.data[3],Element 3,115,Integer,,,"ID fitur yang dibuka ketika level selesai, misalnya kitchen atau storage."
74d11c7c8cbb4e52b713d2a9c1f9e201,11400000,Player House Building,Assets/Nature  Paradaise/Resources/Buildings/Player House Building.asset,levels.Array.data[1].unlockIds.Array.data[1].Array.data[4],Element 4,101,Integer,,,"ID fitur yang dibuka ketika level selesai, misalnya kitchen atau storage."
74d11c7c8cbb4e52b713d2a9c1f9e201,11400000,Player House Building,Assets/Nature  Paradaise/Resources/Buildings/Player House Building.asset,levels.Array.data[1].unlockIds.Array.data[1].Array.data[5],Element 5,46,Integer,,,"ID fitur yang dibuka ketika level selesai, misalnya kitchen atau storage."
74d11c7c8cbb4e52b713d2a9c1f9e201,11400000,Player House Building,Assets/Nature  Paradaise/Resources/Buildings/Player House Building.asset,levels.Array.data[1].unlockIds.Array.data[1].Array.data[6],Element 6,114,Integer,,,"ID fitur yang dibuka ketika level selesai, misalnya kitchen atau storage."
74d11c7c8cbb4e52b713d2a9c1f9e201,11400000,Player House Building,Assets/Nature  Paradaise/Resources/Buildings/Player House Building.asset,levels.Array.data[1].unlockIds.Array.data[1].Array.data[7],Element 7,101,Integer,,,"ID fitur yang dibuka ketika level selesai, misalnya kitchen atau storage."
74d11c7c8cbb4e52b713d2a9c1f9e201,11400000,Player House Building,Assets/Nature  Paradaise/Resources/Buildings/Player House Building.asset,levels.Array.data[1].unlockIds.Array.data[1].Array.data[8],Element 8,102,Integer,,,"ID fitur yang dibuka ketika level selesai, misalnya kitchen atau storage."
74d11c7c8cbb4e52b713d2a9c1f9e201,11400000,Player House Building,Assets/Nature  Paradaise/Resources/Buildings/Player House Building.asset,levels.Array.data[1].unlockIds.Array.data[1].Array.data[9],Element 9,114,Integer,,,"ID fitur yang dibuka ketika level selesai, misalnya kitchen atau storage."
74d11c7c8cbb4e52b713d2a9c1f9e201,11400000,Player House Building,Assets/Nature  Paradaise/Resources/Buildings/Player House Building.asset,levels.Array.data[2].capacity,Capacity,24,Integer,0,,"Kapasitas generik, misalnya jumlah hewan atau slot storage."
74d11c7c8cbb4e52b713d2a9c1f9e201,11400000,Player House Building,Assets/Nature  Paradaise/Resources/Buildings/Player House Building.asset,levels.Array.data[2].constructionDays,Construction Days,4,Integer,0,,Jumlah pergantian hari sebelum konstruksi selesai.
74d11c7c8cbb4e52b713d2a9c1f9e201,11400000,Player House Building,Assets/Nature  Paradaise/Resources/Buildings/Player House Building.asset,levels.Array.data[2].goldCost,Gold Cost,750,Integer,0,,Gold yang dibayar ketika level ini mulai dibangun.
74d11c7c8cbb4e52b713d2a9c1f9e201,11400000,Player House Building,Assets/Nature  Paradaise/Resources/Buildings/Player House Building.asset,levels.Array.data[2].level,Level,3,Integer,1,,"Pengaturan Level pada data game. Nilai awal berasal dari asset, bukan contoh. Lihat Inspector untuk konteks entri."
74d11c7c8cbb4e52b713d2a9c1f9e201,11400000,Player House Building,Assets/Nature  Paradaise/Resources/Buildings/Player House Building.asset,levels.Array.data[2].materialCosts.Array.data[0].amount,Amount,28,Integer,1,,Jumlah material yang dibutuhkan. Item: Wood.
74d11c7c8cbb4e52b713d2a9c1f9e201,11400000,Player House Building,Assets/Nature  Paradaise/Resources/Buildings/Player House Building.asset,levels.Array.data[2].materialCosts.Array.data[1].amount,Amount,20,Integer,1,,Jumlah material yang dibutuhkan. Item: Stone.
74d11c7c8cbb4e52b713d2a9c1f9e201,11400000,Player House Building,Assets/Nature  Paradaise/Resources/Buildings/Player House Building.asset,levels.Array.data[2].requiredVillageLevel,Required Village Level,2,Integer,0,,Village Level minimum sebelum level bangunan ini dapat dibeli.
74d11c7c8cbb4e52b713d2a9c1f9e201,11400000,Player House Building,Assets/Nature  Paradaise/Resources/Buildings/Player House Building.asset,levels.Array.data[2].unlockIds.Array.data[0].Array.data[0],Element 0,104,Integer,,,"ID fitur yang dibuka ketika level selesai, misalnya kitchen atau storage."
74d11c7c8cbb4e52b713d2a9c1f9e201,11400000,Player House Building,Assets/Nature  Paradaise/Resources/Buildings/Player House Building.asset,levels.Array.data[2].unlockIds.Array.data[0].Array.data[10],Element 10,104,Integer,,,"ID fitur yang dibuka ketika level selesai, misalnya kitchen atau storage."
74d11c7c8cbb4e52b713d2a9c1f9e201,11400000,Player House Building,Assets/Nature  Paradaise/Resources/Buildings/Player House Building.asset,levels.Array.data[2].unlockIds.Array.data[0].Array.data[11],Element 11,101,Integer,,,"ID fitur yang dibuka ketika level selesai, misalnya kitchen atau storage."
74d11c7c8cbb4e52b713d2a9c1f9e201,11400000,Player House Building,Assets/Nature  Paradaise/Resources/Buildings/Player House Building.asset,levels.Array.data[2].unlockIds.Array.data[0].Array.data[12],Element 12,110,Integer,,,"ID fitur yang dibuka ketika level selesai, misalnya kitchen atau storage."
74d11c7c8cbb4e52b713d2a9c1f9e201,11400000,Player House Building,Assets/Nature  Paradaise/Resources/Buildings/Player House Building.asset,levels.Array.data[2].unlockIds.Array.data[0].Array.data[1],Element 1,111,Integer,,,"ID fitur yang dibuka ketika level selesai, misalnya kitchen atau storage."
74d11c7c8cbb4e52b713d2a9c1f9e201,11400000,Player House Building,Assets/Nature  Paradaise/Resources/Buildings/Player House Building.asset,levels.Array.data[2].unlockIds.Array.data[0].Array.data[2],Element 2,117,Integer,,,"ID fitur yang dibuka ketika level selesai, misalnya kitchen atau storage."
74d11c7c8cbb4e52b713d2a9c1f9e201,11400000,Player House Building,Assets/Nature  Paradaise/Resources/Buildings/Player House Building.asset,levels.Array.data[2].unlockIds.Array.data[0].Array.data[3],Element 3,115,Integer,,,"ID fitur yang dibuka ketika level selesai, misalnya kitchen atau storage."
74d11c7c8cbb4e52b713d2a9c1f9e201,11400000,Player House Building,Assets/Nature  Paradaise/Resources/Buildings/Player House Building.asset,levels.Array.data[2].unlockIds.Array.data[0].Array.data[4],Element 4,101,Integer,,,"ID fitur yang dibuka ketika level selesai, misalnya kitchen atau storage."
74d11c7c8cbb4e52b713d2a9c1f9e201,11400000,Player House Building,Assets/Nature  Paradaise/Resources/Buildings/Player House Building.asset,levels.Array.data[2].unlockIds.Array.data[0].Array.data[5],Element 5,46,Integer,,,"ID fitur yang dibuka ketika level selesai, misalnya kitchen atau storage."
74d11c7c8cbb4e52b713d2a9c1f9e201,11400000,Player House Building,Assets/Nature  Paradaise/Resources/Buildings/Player House Building.asset,levels.Array.data[2].unlockIds.Array.data[0].Array.data[6],Element 6,107,Integer,,,"ID fitur yang dibuka ketika level selesai, misalnya kitchen atau storage."
74d11c7c8cbb4e52b713d2a9c1f9e201,11400000,Player House Building,Assets/Nature  Paradaise/Resources/Buildings/Player House Building.asset,levels.Array.data[2].unlockIds.Array.data[0].Array.data[7],Element 7,105,Integer,,,"ID fitur yang dibuka ketika level selesai, misalnya kitchen atau storage."
74d11c7c8cbb4e52b713d2a9c1f9e201,11400000,Player House Building,Assets/Nature  Paradaise/Resources/Buildings/Player House Building.asset,levels.Array.data[2].unlockIds.Array.data[0].Array.data[8],Element 8,116,Integer,,,"ID fitur yang dibuka ketika level selesai, misalnya kitchen atau storage."
74d11c7c8cbb4e52b713d2a9c1f9e201,11400000,Player House Building,Assets/Nature  Paradaise/Resources/Buildings/Player House Building.asset,levels.Array.data[2].unlockIds.Array.data[0].Array.data[9],Element 9,99,Integer,,,"ID fitur yang dibuka ketika level selesai, misalnya kitchen atau storage."
74d11c7c8cbb4e52b713d2a9c1f9e201,11400000,Player House Building,Assets/Nature  Paradaise/Resources/Buildings/Player House Building.asset,levels.Array.data[2].unlockIds.Array.data[1].Array.data[0],Element 0,104,Integer,,,"ID fitur yang dibuka ketika level selesai, misalnya kitchen atau storage."
74d11c7c8cbb4e52b713d2a9c1f9e201,11400000,Player House Building,Assets/Nature  Paradaise/Resources/Buildings/Player House Building.asset,levels.Array.data[2].unlockIds.Array.data[1].Array.data[10],Element 10,114,Integer,,,"ID fitur yang dibuka ketika level selesai, misalnya kitchen atau storage."
74d11c7c8cbb4e52b713d2a9c1f9e201,11400000,Player House Building,Assets/Nature  Paradaise/Resources/Buildings/Player House Building.asset,levels.Array.data[2].unlockIds.Array.data[1].Array.data[11],Element 11,105,Integer,,,"ID fitur yang dibuka ketika level selesai, misalnya kitchen atau storage."
74d11c7c8cbb4e52b713d2a9c1f9e201,11400000,Player House Building,Assets/Nature  Paradaise/Resources/Buildings/Player House Building.asset,levels.Array.data[2].unlockIds.Array.data[1].Array.data[12],Element 12,117,Integer,,,"ID fitur yang dibuka ketika level selesai, misalnya kitchen atau storage."
74d11c7c8cbb4e52b713d2a9c1f9e201,11400000,Player House Building,Assets/Nature  Paradaise/Resources/Buildings/Player House Building.asset,levels.Array.data[2].unlockIds.Array.data[1].Array.data[13],Element 13,109,Integer,,,"ID fitur yang dibuka ketika level selesai, misalnya kitchen atau storage."
74d11c7c8cbb4e52b713d2a9c1f9e201,11400000,Player House Building,Assets/Nature  Paradaise/Resources/Buildings/Player House Building.asset,levels.Array.data[2].unlockIds.Array.data[1].Array.data[1],Element 1,111,Integer,,,"ID fitur yang dibuka ketika level selesai, misalnya kitchen atau storage."
74d11c7c8cbb4e52b713d2a9c1f9e201,11400000,Player House Building,Assets/Nature  Paradaise/Resources/Buildings/Player House Building.asset,levels.Array.data[2].unlockIds.Array.data[1].Array.data[2],Element 2,117,Integer,,,"ID fitur yang dibuka ketika level selesai, misalnya kitchen atau storage."
74d11c7c8cbb4e52b713d2a9c1f9e201,11400000,Player House Building,Assets/Nature  Paradaise/Resources/Buildings/Player House Building.asset,levels.Array.data[2].unlockIds.Array.data[1].Array.data[3],Element 3,115,Integer,,,"ID fitur yang dibuka ketika level selesai, misalnya kitchen atau storage."
74d11c7c8cbb4e52b713d2a9c1f9e201,11400000,Player House Building,Assets/Nature  Paradaise/Resources/Buildings/Player House Building.asset,levels.Array.data[2].unlockIds.Array.data[1].Array.data[4],Element 4,101,Integer,,,"ID fitur yang dibuka ketika level selesai, misalnya kitchen atau storage."
74d11c7c8cbb4e52b713d2a9c1f9e201,11400000,Player House Building,Assets/Nature  Paradaise/Resources/Buildings/Player House Building.asset,levels.Array.data[2].unlockIds.Array.data[1].Array.data[5],Element 5,46,Integer,,,"ID fitur yang dibuka ketika level selesai, misalnya kitchen atau storage."
74d11c7c8cbb4e52b713d2a9c1f9e201,11400000,Player House Building,Assets/Nature  Paradaise/Resources/Buildings/Player House Building.asset,levels.Array.data[2].unlockIds.Array.data[1].Array.data[6],Element 6,97,Integer,,,"ID fitur yang dibuka ketika level selesai, misalnya kitchen atau storage."
74d11c7c8cbb4e52b713d2a9c1f9e201,11400000,Player House Building,Assets/Nature  Paradaise/Resources/Buildings/Player House Building.asset,levels.Array.data[2].unlockIds.Array.data[1].Array.data[7],Element 7,113,Integer,,,"ID fitur yang dibuka ketika level selesai, misalnya kitchen atau storage."
74d11c7c8cbb4e52b713d2a9c1f9e201,11400000,Player House Building,Assets/Nature  Paradaise/Resources/Buildings/Player House Building.asset,levels.Array.data[2].unlockIds.Array.data[1].Array.data[8],Element 8,117,Integer,,,"ID fitur yang dibuka ketika level selesai, misalnya kitchen atau storage."
74d11c7c8cbb4e52b713d2a9c1f9e201,11400000,Player House Building,Assets/Nature  Paradaise/Resources/Buildings/Player House Building.asset,levels.Array.data[2].unlockIds.Array.data[1].Array.data[9],Element 9,97,Integer,,,"ID fitur yang dibuka ketika level selesai, misalnya kitchen atau storage."
74d11c7c8cbb4e52b713d2a9c1f9e201,11400000,Player House Building,Assets/Nature  Paradaise/Resources/Buildings/Player House Building.asset,levels.Array.data[2].unlockIds.Array.data[2].Array.data[0],Element 0,104,Integer,,,"ID fitur yang dibuka ketika level selesai, misalnya kitchen atau storage."
74d11c7c8cbb4e52b713d2a9c1f9e201,11400000,Player House Building,Assets/Nature  Paradaise/Resources/Buildings/Player House Building.asset,levels.Array.data[2].unlockIds.Array.data[2].Array.data[10],Element 10,45,Integer,,,"ID fitur yang dibuka ketika level selesai, misalnya kitchen atau storage."
74d11c7c8cbb4e52b713d2a9c1f9e201,11400000,Player House Building,Assets/Nature  Paradaise/Resources/Buildings/Player House Building.asset,levels.Array.data[2].unlockIds.Array.data[2].Array.data[11],Element 11,99,Integer,,,"ID fitur yang dibuka ketika level selesai, misalnya kitchen atau storage."
74d11c7c8cbb4e52b713d2a9c1f9e201,11400000,Player House Building,Assets/Nature  Paradaise/Resources/Buildings/Player House Building.asset,levels.Array.data[2].unlockIds.Array.data[2].Array.data[12],Element 12,97,Integer,,,"ID fitur yang dibuka ketika level selesai, misalnya kitchen atau storage."
74d11c7c8cbb4e52b713d2a9c1f9e201,11400000,Player House Building,Assets/Nature  Paradaise/Resources/Buildings/Player House Building.asset,levels.Array.data[2].unlockIds.Array.data[2].Array.data[13],Element 13,98,Integer,,,"ID fitur yang dibuka ketika level selesai, misalnya kitchen atau storage."
74d11c7c8cbb4e52b713d2a9c1f9e201,11400000,Player House Building,Assets/Nature  Paradaise/Resources/Buildings/Player House Building.asset,levels.Array.data[2].unlockIds.Array.data[2].Array.data[14],Element 14,105,Integer,,,"ID fitur yang dibuka ketika level selesai, misalnya kitchen atau storage."
74d11c7c8cbb4e52b713d2a9c1f9e201,11400000,Player House Building,Assets/Nature  Paradaise/Resources/Buildings/Player House Building.asset,levels.Array.data[2].unlockIds.Array.data[2].Array.data[15],Element 15,110,Integer,,,"ID fitur yang dibuka ketika level selesai, misalnya kitchen atau storage."
74d11c7c8cbb4e52b713d2a9c1f9e201,11400000,Player House Building,Assets/Nature  Paradaise/Resources/Buildings/Player House Building.asset,levels.Array.data[2].unlockIds.Array.data[2].Array.data[16],Element 16,101,Integer,,,"ID fitur yang dibuka ketika level selesai, misalnya kitchen atau storage."
74d11c7c8cbb4e52b713d2a9c1f9e201,11400000,Player House Building,Assets/Nature  Paradaise/Resources/Buildings/Player House Building.asset,levels.Array.data[2].unlockIds.Array.data[2].Array.data[17],Element 17,116,Integer,,,"ID fitur yang dibuka ketika level selesai, misalnya kitchen atau storage."
74d11c7c8cbb4e52b713d2a9c1f9e201,11400000,Player House Building,Assets/Nature  Paradaise/Resources/Buildings/Player House Building.asset,levels.Array.data[2].unlockIds.Array.data[2].Array.data[1],Element 1,111,Integer,,,"ID fitur yang dibuka ketika level selesai, misalnya kitchen atau storage."
74d11c7c8cbb4e52b713d2a9c1f9e201,11400000,Player House Building,Assets/Nature  Paradaise/Resources/Buildings/Player House Building.asset,levels.Array.data[2].unlockIds.Array.data[2].Array.data[2],Element 2,117,Integer,,,"ID fitur yang dibuka ketika level selesai, misalnya kitchen atau storage."
74d11c7c8cbb4e52b713d2a9c1f9e201,11400000,Player House Building,Assets/Nature  Paradaise/Resources/Buildings/Player House Building.asset,levels.Array.data[2].unlockIds.Array.data[2].Array.data[3],Element 3,115,Integer,,,"ID fitur yang dibuka ketika level selesai, misalnya kitchen atau storage."
74d11c7c8cbb4e52b713d2a9c1f9e201,11400000,Player House Building,Assets/Nature  Paradaise/Resources/Buildings/Player House Building.asset,levels.Array.data[2].unlockIds.Array.data[2].Array.data[4],Element 4,101,Integer,,,"ID fitur yang dibuka ketika level selesai, misalnya kitchen atau storage."
74d11c7c8cbb4e52b713d2a9c1f9e201,11400000,Player House Building,Assets/Nature  Paradaise/Resources/Buildings/Player House Building.asset,levels.Array.data[2].unlockIds.Array.data[2].Array.data[5],Element 5,46,Integer,,,"ID fitur yang dibuka ketika level selesai, misalnya kitchen atau storage."
74d11c7c8cbb4e52b713d2a9c1f9e201,11400000,Player House Building,Assets/Nature  Paradaise/Resources/Buildings/Player House Building.asset,levels.Array.data[2].unlockIds.Array.data[2].Array.data[6],Element 6,116,Integer,,,"ID fitur yang dibuka ketika level selesai, misalnya kitchen atau storage."
74d11c7c8cbb4e52b713d2a9c1f9e201,11400000,Player House Building,Assets/Nature  Paradaise/Resources/Buildings/Player House Building.asset,levels.Array.data[2].unlockIds.Array.data[2].Array.data[7],Element 7,111,Integer,,,"ID fitur yang dibuka ketika level selesai, misalnya kitchen atau storage."
74d11c7c8cbb4e52b713d2a9c1f9e201,11400000,Player House Building,Assets/Nature  Paradaise/Resources/Buildings/Player House Building.asset,levels.Array.data[2].unlockIds.Array.data[2].Array.data[8],Element 8,111,Integer,,,"ID fitur yang dibuka ketika level selesai, misalnya kitchen atau storage."
74d11c7c8cbb4e52b713d2a9c1f9e201,11400000,Player House Building,Assets/Nature  Paradaise/Resources/Buildings/Player House Building.asset,levels.Array.data[2].unlockIds.Array.data[2].Array.data[9],Element 9,108,Integer,,,"ID fitur yang dibuka ketika level selesai, misalnya kitchen atau storage."
74d11c7c8cbb4e52b713d2a9c1f9e201,11400000,Player House Building,Assets/Nature  Paradaise/Resources/Buildings/Player House Building.asset,levels.Array.data[2].unlockIds.Array.data[3].Array.data[0],Element 0,104,Integer,,,"ID fitur yang dibuka ketika level selesai, misalnya kitchen atau storage."
74d11c7c8cbb4e52b713d2a9c1f9e201,11400000,Player House Building,Assets/Nature  Paradaise/Resources/Buildings/Player House Building.asset,levels.Array.data[2].unlockIds.Array.data[3].Array.data[10],Element 10,101,Integer,,,"ID fitur yang dibuka ketika level selesai, misalnya kitchen atau storage."
74d11c7c8cbb4e52b713d2a9c1f9e201,11400000,Player House Building,Assets/Nature  Paradaise/Resources/Buildings/Player House Building.asset,levels.Array.data[2].unlockIds.Array.data[3].Array.data[11],Element 11,45,Integer,,,"ID fitur yang dibuka ketika level selesai, misalnya kitchen atau storage."
74d11c7c8cbb4e52b713d2a9c1f9e201,11400000,Player House Building,Assets/Nature  Paradaise/Resources/Buildings/Player House Building.asset,levels.Array.data[2].unlockIds.Array.data[3].Array.data[12],Element 12,108,Integer,,,"ID fitur yang dibuka ketika level selesai, misalnya kitchen atau storage."
74d11c7c8cbb4e52b713d2a9c1f9e201,11400000,Player House Building,Assets/Nature  Paradaise/Resources/Buildings/Player House Building.asset,levels.Array.data[2].unlockIds.Array.data[3].Array.data[13],Element 13,105,Integer,,,"ID fitur yang dibuka ketika level selesai, misalnya kitchen atau storage."
74d11c7c8cbb4e52b713d2a9c1f9e201,11400000,Player House Building,Assets/Nature  Paradaise/Resources/Buildings/Player House Building.asset,levels.Array.data[2].unlockIds.Array.data[3].Array.data[14],Element 14,118,Integer,,,"ID fitur yang dibuka ketika level selesai, misalnya kitchen atau storage."
74d11c7c8cbb4e52b713d2a9c1f9e201,11400000,Player House Building,Assets/Nature  Paradaise/Resources/Buildings/Player House Building.asset,levels.Array.data[2].unlockIds.Array.data[3].Array.data[15],Element 15,105,Integer,,,"ID fitur yang dibuka ketika level selesai, misalnya kitchen atau storage."
74d11c7c8cbb4e52b713d2a9c1f9e201,11400000,Player House Building,Assets/Nature  Paradaise/Resources/Buildings/Player House Building.asset,levels.Array.data[2].unlockIds.Array.data[3].Array.data[16],Element 16,110,Integer,,,"ID fitur yang dibuka ketika level selesai, misalnya kitchen atau storage."
74d11c7c8cbb4e52b713d2a9c1f9e201,11400000,Player House Building,Assets/Nature  Paradaise/Resources/Buildings/Player House Building.asset,levels.Array.data[2].unlockIds.Array.data[3].Array.data[17],Element 17,103,Integer,,,"ID fitur yang dibuka ketika level selesai, misalnya kitchen atau storage."
74d11c7c8cbb4e52b713d2a9c1f9e201,11400000,Player House Building,Assets/Nature  Paradaise/Resources/Buildings/Player House Building.asset,levels.Array.data[2].unlockIds.Array.data[3].Array.data[18],Element 18,45,Integer,,,"ID fitur yang dibuka ketika level selesai, misalnya kitchen atau storage."
74d11c7c8cbb4e52b713d2a9c1f9e201,11400000,Player House Building,Assets/Nature  Paradaise/Resources/Buildings/Player House Building.asset,levels.Array.data[2].unlockIds.Array.data[3].Array.data[19],Element 19,114,Integer,,,"ID fitur yang dibuka ketika level selesai, misalnya kitchen atau storage."
74d11c7c8cbb4e52b713d2a9c1f9e201,11400000,Player House Building,Assets/Nature  Paradaise/Resources/Buildings/Player House Building.asset,levels.Array.data[2].unlockIds.Array.data[3].Array.data[1],Element 1,111,Integer,,,"ID fitur yang dibuka ketika level selesai, misalnya kitchen atau storage."
74d11c7c8cbb4e52b713d2a9c1f9e201,11400000,Player House Building,Assets/Nature  Paradaise/Resources/Buildings/Player House Building.asset,levels.Array.data[2].unlockIds.Array.data[3].Array.data[20],Element 20,111,Integer,,,"ID fitur yang dibuka ketika level selesai, misalnya kitchen atau storage."
74d11c7c8cbb4e52b713d2a9c1f9e201,11400000,Player House Building,Assets/Nature  Paradaise/Resources/Buildings/Player House Building.asset,levels.Array.data[2].unlockIds.Array.data[3].Array.data[21],Element 21,111,Integer,,,"ID fitur yang dibuka ketika level selesai, misalnya kitchen atau storage."
74d11c7c8cbb4e52b713d2a9c1f9e201,11400000,Player House Building,Assets/Nature  Paradaise/Resources/Buildings/Player House Building.asset,levels.Array.data[2].unlockIds.Array.data[3].Array.data[22],Element 22,109,Integer,,,"ID fitur yang dibuka ketika level selesai, misalnya kitchen atau storage."
74d11c7c8cbb4e52b713d2a9c1f9e201,11400000,Player House Building,Assets/Nature  Paradaise/Resources/Buildings/Player House Building.asset,levels.Array.data[2].unlockIds.Array.data[3].Array.data[2],Element 2,117,Integer,,,"ID fitur yang dibuka ketika level selesai, misalnya kitchen atau storage."
74d11c7c8cbb4e52b713d2a9c1f9e201,11400000,Player House Building,Assets/Nature  Paradaise/Resources/Buildings/Player House Building.asset,levels.Array.data[2].unlockIds.Array.data[3].Array.data[3],Element 3,115,Integer,,,"ID fitur yang dibuka ketika level selesai, misalnya kitchen atau storage."
74d11c7c8cbb4e52b713d2a9c1f9e201,11400000,Player House Building,Assets/Nature  Paradaise/Resources/Buildings/Player House Building.asset,levels.Array.data[2].unlockIds.Array.data[3].Array.data[4],Element 4,101,Integer,,,"ID fitur yang dibuka ketika level selesai, misalnya kitchen atau storage."
74d11c7c8cbb4e52b713d2a9c1f9e201,11400000,Player House Building,Assets/Nature  Paradaise/Resources/Buildings/Player House Building.asset,levels.Array.data[2].unlockIds.Array.data[3].Array.data[5],Element 5,46,Integer,,,"ID fitur yang dibuka ketika level selesai, misalnya kitchen atau storage."
74d11c7c8cbb4e52b713d2a9c1f9e201,11400000,Player House Building,Assets/Nature  Paradaise/Resources/Buildings/Player House Building.asset,levels.Array.data[2].unlockIds.Array.data[3].Array.data[6],Element 6,108,Integer,,,"ID fitur yang dibuka ketika level selesai, misalnya kitchen atau storage."
74d11c7c8cbb4e52b713d2a9c1f9e201,11400000,Player House Building,Assets/Nature  Paradaise/Resources/Buildings/Player House Building.asset,levels.Array.data[2].unlockIds.Array.data[3].Array.data[7],Element 7,97,Integer,,,"ID fitur yang dibuka ketika level selesai, misalnya kitchen atau storage."
74d11c7c8cbb4e52b713d2a9c1f9e201,11400000,Player House Building,Assets/Nature  Paradaise/Resources/Buildings/Player House Building.asset,levels.Array.data[2].unlockIds.Array.data[3].Array.data[8],Element 8,114,Integer,,,"ID fitur yang dibuka ketika level selesai, misalnya kitchen atau storage."
74d11c7c8cbb4e52b713d2a9c1f9e201,11400000,Player House Building,Assets/Nature  Paradaise/Resources/Buildings/Player House Building.asset,levels.Array.data[2].unlockIds.Array.data[3].Array.data[9],Element 9,103,Integer,,,"ID fitur yang dibuka ketika level selesai, misalnya kitchen atau storage."
74d11c7c8cbb4e52b713d2a9c1f9e201,11400000,Player House Building,Assets/Nature  Paradaise/Resources/Buildings/Player House Building.asset,levels.Array.data[2].unlockIds.Array.data[4].Array.data[0],Element 0,104,Integer,,,"ID fitur yang dibuka ketika level selesai, misalnya kitchen atau storage."
74d11c7c8cbb4e52b713d2a9c1f9e201,11400000,Player House Building,Assets/Nature  Paradaise/Resources/Buildings/Player House Building.asset,levels.Array.data[2].unlockIds.Array.data[4].Array.data[10],Element 10,105,Integer,,,"ID fitur yang dibuka ketika level selesai, misalnya kitchen atau storage."
74d11c7c8cbb4e52b713d2a9c1f9e201,11400000,Player House Building,Assets/Nature  Paradaise/Resources/Buildings/Player House Building.asset,levels.Array.data[2].unlockIds.Array.data[4].Array.data[11],Element 11,116,Integer,,,"ID fitur yang dibuka ketika level selesai, misalnya kitchen atau storage."
74d11c7c8cbb4e52b713d2a9c1f9e201,11400000,Player House Building,Assets/Nature  Paradaise/Resources/Buildings/Player House Building.asset,levels.Array.data[2].unlockIds.Array.data[4].Array.data[12],Element 12,117,Integer,,,"ID fitur yang dibuka ketika level selesai, misalnya kitchen atau storage."
74d11c7c8cbb4e52b713d2a9c1f9e201,11400000,Player House Building,Assets/Nature  Paradaise/Resources/Buildings/Player House Building.asset,levels.Array.data[2].unlockIds.Array.data[4].Array.data[13],Element 13,114,Integer,,,"ID fitur yang dibuka ketika level selesai, misalnya kitchen atau storage."
74d11c7c8cbb4e52b713d2a9c1f9e201,11400000,Player House Building,Assets/Nature  Paradaise/Resources/Buildings/Player House Building.asset,levels.Array.data[2].unlockIds.Array.data[4].Array.data[14],Element 14,101,Integer,,,"ID fitur yang dibuka ketika level selesai, misalnya kitchen atau storage."
74d11c7c8cbb4e52b713d2a9c1f9e201,11400000,Player House Building,Assets/Nature  Paradaise/Resources/Buildings/Player House Building.asset,levels.Array.data[2].unlockIds.Array.data[4].Array.data[15],Element 15,45,Integer,,,"ID fitur yang dibuka ketika level selesai, misalnya kitchen atau storage."
74d11c7c8cbb4e52b713d2a9c1f9e201,11400000,Player House Building,Assets/Nature  Paradaise/Resources/Buildings/Player House Building.asset,levels.Array.data[2].unlockIds.Array.data[4].Array.data[16],Element 16,116,Integer,,,"ID fitur yang dibuka ketika level selesai, misalnya kitchen atau storage."
74d11c7c8cbb4e52b713d2a9c1f9e201,11400000,Player House Building,Assets/Nature  Paradaise/Resources/Buildings/Player House Building.asset,levels.Array.data[2].unlockIds.Array.data[4].Array.data[17],Element 17,105,Integer,,,"ID fitur yang dibuka ketika level selesai, misalnya kitchen atau storage."
74d11c7c8cbb4e52b713d2a9c1f9e201,11400000,Player House Building,Assets/Nature  Paradaise/Resources/Buildings/Player House Building.asset,levels.Array.data[2].unlockIds.Array.data[4].Array.data[18],Element 18,101,Integer,,,"ID fitur yang dibuka ketika level selesai, misalnya kitchen atau storage."
74d11c7c8cbb4e52b713d2a9c1f9e201,11400000,Player House Building,Assets/Nature  Paradaise/Resources/Buildings/Player House Building.asset,levels.Array.data[2].unlockIds.Array.data[4].Array.data[19],Element 19,114,Integer,,,"ID fitur yang dibuka ketika level selesai, misalnya kitchen atau storage."
74d11c7c8cbb4e52b713d2a9c1f9e201,11400000,Player House Building,Assets/Nature  Paradaise/Resources/Buildings/Player House Building.asset,levels.Array.data[2].unlockIds.Array.data[4].Array.data[1],Element 1,111,Integer,,,"ID fitur yang dibuka ketika level selesai, misalnya kitchen atau storage."
74d11c7c8cbb4e52b713d2a9c1f9e201,11400000,Player House Building,Assets/Nature  Paradaise/Resources/Buildings/Player House Building.asset,levels.Array.data[2].unlockIds.Array.data[4].Array.data[20],Element 20,45,Integer,,,"ID fitur yang dibuka ketika level selesai, misalnya kitchen atau storage."
74d11c7c8cbb4e52b713d2a9c1f9e201,11400000,Player House Building,Assets/Nature  Paradaise/Resources/Buildings/Player House Building.asset,levels.Array.data[2].unlockIds.Array.data[4].Array.data[21],Element 21,51,Integer,,,"ID fitur yang dibuka ketika level selesai, misalnya kitchen atau storage."
74d11c7c8cbb4e52b713d2a9c1f9e201,11400000,Player House Building,Assets/Nature  Paradaise/Resources/Buildings/Player House Building.asset,levels.Array.data[2].unlockIds.Array.data[4].Array.data[2],Element 2,117,Integer,,,"ID fitur yang dibuka ketika level selesai, misalnya kitchen atau storage."
74d11c7c8cbb4e52b713d2a9c1f9e201,11400000,Player House Building,Assets/Nature  Paradaise/Resources/Buildings/Player House Building.asset,levels.Array.data[2].unlockIds.Array.data[4].Array.data[3],Element 3,115,Integer,,,"ID fitur yang dibuka ketika level selesai, misalnya kitchen atau storage."
74d11c7c8cbb4e52b713d2a9c1f9e201,11400000,Player House Building,Assets/Nature  Paradaise/Resources/Buildings/Player House Building.asset,levels.Array.data[2].unlockIds.Array.data[4].Array.data[4],Element 4,101,Integer,,,"ID fitur yang dibuka ketika level selesai, misalnya kitchen atau storage."
74d11c7c8cbb4e52b713d2a9c1f9e201,11400000,Player House Building,Assets/Nature  Paradaise/Resources/Buildings/Player House Building.asset,levels.Array.data[2].unlockIds.Array.data[4].Array.data[5],Element 5,46,Integer,,,"ID fitur yang dibuka ketika level selesai, misalnya kitchen atau storage."
74d11c7c8cbb4e52b713d2a9c1f9e201,11400000,Player House Building,Assets/Nature  Paradaise/Resources/Buildings/Player House Building.asset,levels.Array.data[2].unlockIds.Array.data[4].Array.data[6],Element 6,102,Integer,,,"ID fitur yang dibuka ketika level selesai, misalnya kitchen atau storage."
74d11c7c8cbb4e52b713d2a9c1f9e201,11400000,Player House Building,Assets/Nature  Paradaise/Resources/Buildings/Player House Building.asset,levels.Array.data[2].unlockIds.Array.data[4].Array.data[7],Element 7,117,Integer,,,"ID fitur yang dibuka ketika level selesai, misalnya kitchen atau storage."
74d11c7c8cbb4e52b713d2a9c1f9e201,11400000,Player House Building,Assets/Nature  Paradaise/Resources/Buildings/Player House Building.asset,levels.Array.data[2].unlockIds.Array.data[4].Array.data[8],Element 8,114,Integer,,,"ID fitur yang dibuka ketika level selesai, misalnya kitchen atau storage."
74d11c7c8cbb4e52b713d2a9c1f9e201,11400000,Player House Building,Assets/Nature  Paradaise/Resources/Buildings/Player House Building.asset,levels.Array.data[2].unlockIds.Array.data[4].Array.data[9],Element 9,110,Integer,,,"ID fitur yang dibuka ketika level selesai, misalnya kitchen atau storage."
74d11c7c8cbb4e52b713d2a9c1f9e201,11400000,Player House Building,Assets/Nature  Paradaise/Resources/Buildings/Player House Building.asset,levels.Array.data[3].capacity,Capacity,32,Integer,0,,"Kapasitas generik, misalnya jumlah hewan atau slot storage."
74d11c7c8cbb4e52b713d2a9c1f9e201,11400000,Player House Building,Assets/Nature  Paradaise/Resources/Buildings/Player House Building.asset,levels.Array.data[3].constructionDays,Construction Days,7,Integer,0,,Jumlah pergantian hari sebelum konstruksi selesai.
74d11c7c8cbb4e52b713d2a9c1f9e201,11400000,Player House Building,Assets/Nature  Paradaise/Resources/Buildings/Player House Building.asset,levels.Array.data[3].goldCost,Gold Cost,1800,Integer,0,,Gold yang dibayar ketika level ini mulai dibangun.
74d11c7c8cbb4e52b713d2a9c1f9e201,11400000,Player House Building,Assets/Nature  Paradaise/Resources/Buildings/Player House Building.asset,levels.Array.data[3].level,Level,4,Integer,1,,"Pengaturan Level pada data game. Nilai awal berasal dari asset, bukan contoh. Lihat Inspector untuk konteks entri."
74d11c7c8cbb4e52b713d2a9c1f9e201,11400000,Player House Building,Assets/Nature  Paradaise/Resources/Buildings/Player House Building.asset,levels.Array.data[3].materialCosts.Array.data[0].amount,Amount,55,Integer,1,,Jumlah material yang dibutuhkan. Item: Wood.
74d11c7c8cbb4e52b713d2a9c1f9e201,11400000,Player House Building,Assets/Nature  Paradaise/Resources/Buildings/Player House Building.asset,levels.Array.data[3].materialCosts.Array.data[1].amount,Amount,40,Integer,1,,Jumlah material yang dibutuhkan. Item: Stone.
74d11c7c8cbb4e52b713d2a9c1f9e201,11400000,Player House Building,Assets/Nature  Paradaise/Resources/Buildings/Player House Building.asset,levels.Array.data[3].requiredVillageLevel,Required Village Level,4,Integer,0,,Village Level minimum sebelum level bangunan ini dapat dibeli.
74d11c7c8cbb4e52b713d2a9c1f9e201,11400000,Player House Building,Assets/Nature  Paradaise/Resources/Buildings/Player House Building.asset,levels.Array.data[3].unlockIds.Array.data[0].Array.data[0],Element 0,104,Integer,,,"ID fitur yang dibuka ketika level selesai, misalnya kitchen atau storage."
74d11c7c8cbb4e52b713d2a9c1f9e201,11400000,Player House Building,Assets/Nature  Paradaise/Resources/Buildings/Player House Building.asset,levels.Array.data[3].unlockIds.Array.data[0].Array.data[10],Element 10,101,Integer,,,"ID fitur yang dibuka ketika level selesai, misalnya kitchen atau storage."
74d11c7c8cbb4e52b713d2a9c1f9e201,11400000,Player House Building,Assets/Nature  Paradaise/Resources/Buildings/Player House Building.asset,levels.Array.data[3].unlockIds.Array.data[0].Array.data[11],Element 11,114,Integer,,,"ID fitur yang dibuka ketika level selesai, misalnya kitchen atau storage."
74d11c7c8cbb4e52b713d2a9c1f9e201,11400000,Player House Building,Assets/Nature  Paradaise/Resources/Buildings/Player House Building.asset,levels.Array.data[3].unlockIds.Array.data[0].Array.data[12],Element 12,45,Integer,,,"ID fitur yang dibuka ketika level selesai, misalnya kitchen atau storage."
74d11c7c8cbb4e52b713d2a9c1f9e201,11400000,Player House Building,Assets/Nature  Paradaise/Resources/Buildings/Player House Building.asset,levels.Array.data[3].unlockIds.Array.data[0].Array.data[13],Element 13,98,Integer,,,"ID fitur yang dibuka ketika level selesai, misalnya kitchen atau storage."
74d11c7c8cbb4e52b713d2a9c1f9e201,11400000,Player House Building,Assets/Nature  Paradaise/Resources/Buildings/Player House Building.asset,levels.Array.data[3].unlockIds.Array.data[0].Array.data[14],Element 14,101,Integer,,,"ID fitur yang dibuka ketika level selesai, misalnya kitchen atau storage."
74d11c7c8cbb4e52b713d2a9c1f9e201,11400000,Player House Building,Assets/Nature  Paradaise/Resources/Buildings/Player House Building.asset,levels.Array.data[3].unlockIds.Array.data[0].Array.data[15],Element 15,100,Integer,,,"ID fitur yang dibuka ketika level selesai, misalnya kitchen atau storage."
74d11c7c8cbb4e52b713d2a9c1f9e201,11400000,Player House Building,Assets/Nature  Paradaise/Resources/Buildings/Player House Building.asset,levels.Array.data[3].unlockIds.Array.data[0].Array.data[16],Element 16,114,Integer,,,"ID fitur yang dibuka ketika level selesai, misalnya kitchen atau storage."
74d11c7c8cbb4e52b713d2a9c1f9e201,11400000,Player House Building,Assets/Nature  Paradaise/Resources/Buildings/Player House Building.asset,levels.Array.data[3].unlockIds.Array.data[0].Array.data[17],Element 17,111,Integer,,,"ID fitur yang dibuka ketika level selesai, misalnya kitchen atau storage."
74d11c7c8cbb4e52b713d2a9c1f9e201,11400000,Player House Building,Assets/Nature  Paradaise/Resources/Buildings/Player House Building.asset,levels.Array.data[3].unlockIds.Array.data[0].Array.data[18],Element 18,111,Integer,,,"ID fitur yang dibuka ketika level selesai, misalnya kitchen atau storage."
74d11c7c8cbb4e52b713d2a9c1f9e201,11400000,Player House Building,Assets/Nature  Paradaise/Resources/Buildings/Player House Building.asset,levels.Array.data[3].unlockIds.Array.data[0].Array.data[19],Element 19,109,Integer,,,"ID fitur yang dibuka ketika level selesai, misalnya kitchen atau storage."
74d11c7c8cbb4e52b713d2a9c1f9e201,11400000,Player House Building,Assets/Nature  Paradaise/Resources/Buildings/Player House Building.asset,levels.Array.data[3].unlockIds.Array.data[0].Array.data[1],Element 1,111,Integer,,,"ID fitur yang dibuka ketika level selesai, misalnya kitchen atau storage."
74d11c7c8cbb4e52b713d2a9c1f9e201,11400000,Player House Building,Assets/Nature  Paradaise/Resources/Buildings/Player House Building.asset,levels.Array.data[3].unlockIds.Array.data[0].Array.data[2],Element 2,117,Integer,,,"ID fitur yang dibuka ketika level selesai, misalnya kitchen atau storage."
74d11c7c8cbb4e52b713d2a9c1f9e201,11400000,Player House Building,Assets/Nature  Paradaise/Resources/Buildings/Player House Building.asset,levels.Array.data[3].unlockIds.Array.data[0].Array.data[3],Element 3,115,Integer,,,"ID fitur yang dibuka ketika level selesai, misalnya kitchen atau storage."
74d11c7c8cbb4e52b713d2a9c1f9e201,11400000,Player House Building,Assets/Nature  Paradaise/Resources/Buildings/Player House Building.asset,levels.Array.data[3].unlockIds.Array.data[0].Array.data[4],Element 4,101,Integer,,,"ID fitur yang dibuka ketika level selesai, misalnya kitchen atau storage."
74d11c7c8cbb4e52b713d2a9c1f9e201,11400000,Player House Building,Assets/Nature  Paradaise/Resources/Buildings/Player House Building.asset,levels.Array.data[3].unlockIds.Array.data[0].Array.data[5],Element 5,46,Integer,,,"ID fitur yang dibuka ketika level selesai, misalnya kitchen atau storage."
74d11c7c8cbb4e52b713d2a9c1f9e201,11400000,Player House Building,Assets/Nature  Paradaise/Resources/Buildings/Player House Building.asset,levels.Array.data[3].unlockIds.Array.data[0].Array.data[6],Element 6,109,Integer,,,"ID fitur yang dibuka ketika level selesai, misalnya kitchen atau storage."
74d11c7c8cbb4e52b713d2a9c1f9e201,11400000,Player House Building,Assets/Nature  Paradaise/Resources/Buildings/Player House Building.asset,levels.Array.data[3].unlockIds.Array.data[0].Array.data[7],Element 7,97,Integer,,,"ID fitur yang dibuka ketika level selesai, misalnya kitchen atau storage."
74d11c7c8cbb4e52b713d2a9c1f9e201,11400000,Player House Building,Assets/Nature  Paradaise/Resources/Buildings/Player House Building.asset,levels.Array.data[3].unlockIds.Array.data[0].Array.data[8],Element 8,115,Integer,,,"ID fitur yang dibuka ketika level selesai, misalnya kitchen atau storage."
74d11c7c8cbb4e52b713d2a9c1f9e201,11400000,Player House Building,Assets/Nature  Paradaise/Resources/Buildings/Player House Building.asset,levels.Array.data[3].unlockIds.Array.data[0].Array.data[9],Element 9,116,Integer,,,"ID fitur yang dibuka ketika level selesai, misalnya kitchen atau storage."
74d11c7c8cbb4e52b713d2a9c1f9e201,11400000,Player House Building,Assets/Nature  Paradaise/Resources/Buildings/Player House Building.asset,levels.Array.data[3].unlockIds.Array.data[1].Array.data[0],Element 0,104,Integer,,,"ID fitur yang dibuka ketika level selesai, misalnya kitchen atau storage."
74d11c7c8cbb4e52b713d2a9c1f9e201,11400000,Player House Building,Assets/Nature  Paradaise/Resources/Buildings/Player House Building.asset,levels.Array.data[3].unlockIds.Array.data[1].Array.data[10],Element 10,111,Integer,,,"ID fitur yang dibuka ketika level selesai, misalnya kitchen atau storage."
74d11c7c8cbb4e52b713d2a9c1f9e201,11400000,Player House Building,Assets/Nature  Paradaise/Resources/Buildings/Player House Building.asset,levels.Array.data[3].unlockIds.Array.data[1].Array.data[11],Element 11,45,Integer,,,"ID fitur yang dibuka ketika level selesai, misalnya kitchen atau storage."
74d11c7c8cbb4e52b713d2a9c1f9e201,11400000,Player House Building,Assets/Nature  Paradaise/Resources/Buildings/Player House Building.asset,levels.Array.data[3].unlockIds.Array.data[1].Array.data[12],Element 12,98,Integer,,,"ID fitur yang dibuka ketika level selesai, misalnya kitchen atau storage."
74d11c7c8cbb4e52b713d2a9c1f9e201,11400000,Player House Building,Assets/Nature  Paradaise/Resources/Buildings/Player House Building.asset,levels.Array.data[3].unlockIds.Array.data[1].Array.data[13],Element 13,101,Integer,,,"ID fitur yang dibuka ketika level selesai, misalnya kitchen atau storage."
74d11c7c8cbb4e52b713d2a9c1f9e201,11400000,Player House Building,Assets/Nature  Paradaise/Resources/Buildings/Player House Building.asset,levels.Array.data[3].unlockIds.Array.data[1].Array.data[14],Element 14,100,Integer,,,"ID fitur yang dibuka ketika level selesai, misalnya kitchen atau storage."
74d11c7c8cbb4e52b713d2a9c1f9e201,11400000,Player House Building,Assets/Nature  Paradaise/Resources/Buildings/Player House Building.asset,levels.Array.data[3].unlockIds.Array.data[1].Array.data[1],Element 1,111,Integer,,,"ID fitur yang dibuka ketika level selesai, misalnya kitchen atau storage."
74d11c7c8cbb4e52b713d2a9c1f9e201,11400000,Player House Building,Assets/Nature  Paradaise/Resources/Buildings/Player House Building.asset,levels.Array.data[3].unlockIds.Array.data[1].Array.data[2],Element 2,117,Integer,,,"ID fitur yang dibuka ketika level selesai, misalnya kitchen atau storage."
74d11c7c8cbb4e52b713d2a9c1f9e201,11400000,Player House Building,Assets/Nature  Paradaise/Resources/Buildings/Player House Building.asset,levels.Array.data[3].unlockIds.Array.data[1].Array.data[3],Element 3,115,Integer,,,"ID fitur yang dibuka ketika level selesai, misalnya kitchen atau storage."
74d11c7c8cbb4e52b713d2a9c1f9e201,11400000,Player House Building,Assets/Nature  Paradaise/Resources/Buildings/Player House Building.asset,levels.Array.data[3].unlockIds.Array.data[1].Array.data[4],Element 4,101,Integer,,,"ID fitur yang dibuka ketika level selesai, misalnya kitchen atau storage."
74d11c7c8cbb4e52b713d2a9c1f9e201,11400000,Player House Building,Assets/Nature  Paradaise/Resources/Buildings/Player House Building.asset,levels.Array.data[3].unlockIds.Array.data[1].Array.data[5],Element 5,46,Integer,,,"ID fitur yang dibuka ketika level selesai, misalnya kitchen atau storage."
74d11c7c8cbb4e52b713d2a9c1f9e201,11400000,Player House Building,Assets/Nature  Paradaise/Resources/Buildings/Player House Building.asset,levels.Array.data[3].unlockIds.Array.data[1].Array.data[6],Element 6,106,Integer,,,"ID fitur yang dibuka ketika level selesai, misalnya kitchen atau storage."
74d11c7c8cbb4e52b713d2a9c1f9e201,11400000,Player House Building,Assets/Nature  Paradaise/Resources/Buildings/Player House Building.asset,levels.Array.data[3].unlockIds.Array.data[1].Array.data[7],Element 7,117,Integer,,,"ID fitur yang dibuka ketika level selesai, misalnya kitchen atau storage."
74d11c7c8cbb4e52b713d2a9c1f9e201,11400000,Player House Building,Assets/Nature  Paradaise/Resources/Buildings/Player House Building.asset,levels.Array.data[3].unlockIds.Array.data[1].Array.data[8],Element 8,109,Integer,,,"ID fitur yang dibuka ketika level selesai, misalnya kitchen atau storage."
74d11c7c8cbb4e52b713d2a9c1f9e201,11400000,Player House Building,Assets/Nature  Paradaise/Resources/Buildings/Player House Building.asset,levels.Array.data[3].unlockIds.Array.data[1].Array.data[9],Element 9,98,Integer,,,"ID fitur yang dibuka ketika level selesai, misalnya kitchen atau storage."
74d11c7c8cbb4e52b713d2a9c1f9e201,11400000,Player House Building,Assets/Nature  Paradaise/Resources/Buildings/Player House Building.asset,levels.Array.data[3].unlockIds.Array.data[2].Array.data[0],Element 0,104,Integer,,,"ID fitur yang dibuka ketika level selesai, misalnya kitchen atau storage."
74d11c7c8cbb4e52b713d2a9c1f9e201,11400000,Player House Building,Assets/Nature  Paradaise/Resources/Buildings/Player House Building.asset,levels.Array.data[3].unlockIds.Array.data[2].Array.data[10],Element 10,100,Integer,,,"ID fitur yang dibuka ketika level selesai, misalnya kitchen atau storage."
74d11c7c8cbb4e52b713d2a9c1f9e201,11400000,Player House Building,Assets/Nature  Paradaise/Resources/Buildings/Player House Building.asset,levels.Array.data[3].unlockIds.Array.data[2].Array.data[11],Element 11,45,Integer,,,"ID fitur yang dibuka ketika level selesai, misalnya kitchen atau storage."
74d11c7c8cbb4e52b713d2a9c1f9e201,11400000,Player House Building,Assets/Nature  Paradaise/Resources/Buildings/Player House Building.asset,levels.Array.data[3].unlockIds.Array.data[2].Array.data[12],Element 12,114,Integer,,,"ID fitur yang dibuka ketika level selesai, misalnya kitchen atau storage."
74d11c7c8cbb4e52b713d2a9c1f9e201,11400000,Player House Building,Assets/Nature  Paradaise/Resources/Buildings/Player House Building.asset,levels.Array.data[3].unlockIds.Array.data[2].Array.data[13],Element 13,111,Integer,,,"ID fitur yang dibuka ketika level selesai, misalnya kitchen atau storage."
74d11c7c8cbb4e52b713d2a9c1f9e201,11400000,Player House Building,Assets/Nature  Paradaise/Resources/Buildings/Player House Building.asset,levels.Array.data[3].unlockIds.Array.data[2].Array.data[14],Element 14,111,Integer,,,"ID fitur yang dibuka ketika level selesai, misalnya kitchen atau storage."
74d11c7c8cbb4e52b713d2a9c1f9e201,11400000,Player House Building,Assets/Nature  Paradaise/Resources/Buildings/Player House Building.asset,levels.Array.data[3].unlockIds.Array.data[2].Array.data[15],Element 15,109,Integer,,,"ID fitur yang dibuka ketika level selesai, misalnya kitchen atau storage."
74d11c7c8cbb4e52b713d2a9c1f9e201,11400000,Player House Building,Assets/Nature  Paradaise/Resources/Buildings/Player House Building.asset,levels.Array.data[3].unlockIds.Array.data[2].Array.data[1],Element 1,111,Integer,,,"ID fitur yang dibuka ketika level selesai, misalnya kitchen atau storage."
74d11c7c8cbb4e52b713d2a9c1f9e201,11400000,Player House Building,Assets/Nature  Paradaise/Resources/Buildings/Player House Building.asset,levels.Array.data[3].unlockIds.Array.data[2].Array.data[2],Element 2,117,Integer,,,"ID fitur yang dibuka ketika level selesai, misalnya kitchen atau storage."
74d11c7c8cbb4e52b713d2a9c1f9e201,11400000,Player House Building,Assets/Nature  Paradaise/Resources/Buildings/Player House Building.asset,levels.Array.data[3].unlockIds.Array.data[2].Array.data[3],Element 3,115,Integer,,,"ID fitur yang dibuka ketika level selesai, misalnya kitchen atau storage."
74d11c7c8cbb4e52b713d2a9c1f9e201,11400000,Player House Building,Assets/Nature  Paradaise/Resources/Buildings/Player House Building.asset,levels.Array.data[3].unlockIds.Array.data[2].Array.data[4],Element 4,101,Integer,,,"ID fitur yang dibuka ketika level selesai, misalnya kitchen atau storage."
74d11c7c8cbb4e52b713d2a9c1f9e201,11400000,Player House Building,Assets/Nature  Paradaise/Resources/Buildings/Player House Building.asset,levels.Array.data[3].unlockIds.Array.data[2].Array.data[5],Element 5,46,Integer,,,"ID fitur yang dibuka ketika level selesai, misalnya kitchen atau storage."
74d11c7c8cbb4e52b713d2a9c1f9e201,11400000,Player House Building,Assets/Nature  Paradaise/Resources/Buildings/Player House Building.asset,levels.Array.data[3].unlockIds.Array.data[2].Array.data[6],Element 6,99,Integer,,,"ID fitur yang dibuka ketika level selesai, misalnya kitchen atau storage."
74d11c7c8cbb4e52b713d2a9c1f9e201,11400000,Player House Building,Assets/Nature  Paradaise/Resources/Buildings/Player House Building.asset,levels.Array.data[3].unlockIds.Array.data[2].Array.data[7],Element 7,104,Integer,,,"ID fitur yang dibuka ketika level selesai, misalnya kitchen atau storage."
74d11c7c8cbb4e52b713d2a9c1f9e201,11400000,Player House Building,Assets/Nature  Paradaise/Resources/Buildings/Player House Building.asset,levels.Array.data[3].unlockIds.Array.data[2].Array.data[8],Element 8,105,Integer,,,"ID fitur yang dibuka ketika level selesai, misalnya kitchen atau storage."
74d11c7c8cbb4e52b713d2a9c1f9e201,11400000,Player House Building,Assets/Nature  Paradaise/Resources/Buildings/Player House Building.asset,levels.Array.data[3].unlockIds.Array.data[2].Array.data[9],Element 9,108,Integer,,,"ID fitur yang dibuka ketika level selesai, misalnya kitchen atau storage."
74d11c7c8cbb4e52b713d2a9c1f9e201,11400000,Player House Building,Assets/Nature  Paradaise/Resources/Buildings/Player House Building.asset,levels.Array.data[3].unlockIds.Array.data[3].Array.data[0],Element 0,104,Integer,,,"ID fitur yang dibuka ketika level selesai, misalnya kitchen atau storage."
74d11c7c8cbb4e52b713d2a9c1f9e201,11400000,Player House Building,Assets/Nature  Paradaise/Resources/Buildings/Player House Building.asset,levels.Array.data[3].unlockIds.Array.data[3].Array.data[10],Element 10,105,Integer,,,"ID fitur yang dibuka ketika level selesai, misalnya kitchen atau storage."
74d11c7c8cbb4e52b713d2a9c1f9e201,11400000,Player House Building,Assets/Nature  Paradaise/Resources/Buildings/Player House Building.asset,levels.Array.data[3].unlockIds.Array.data[3].Array.data[11],Element 11,97,Integer,,,"ID fitur yang dibuka ketika level selesai, misalnya kitchen atau storage."
74d11c7c8cbb4e52b713d2a9c1f9e201,11400000,Player House Building,Assets/Nature  Paradaise/Resources/Buildings/Player House Building.asset,levels.Array.data[3].unlockIds.Array.data[3].Array.data[12],Element 12,103,Integer,,,"ID fitur yang dibuka ketika level selesai, misalnya kitchen atau storage."
74d11c7c8cbb4e52b713d2a9c1f9e201,11400000,Player House Building,Assets/Nature  Paradaise/Resources/Buildings/Player House Building.asset,levels.Array.data[3].unlockIds.Array.data[3].Array.data[13],Element 13,101,Integer,,,"ID fitur yang dibuka ketika level selesai, misalnya kitchen atau storage."
74d11c7c8cbb4e52b713d2a9c1f9e201,11400000,Player House Building,Assets/Nature  Paradaise/Resources/Buildings/Player House Building.asset,levels.Array.data[3].unlockIds.Array.data[3].Array.data[14],Element 14,45,Integer,,,"ID fitur yang dibuka ketika level selesai, misalnya kitchen atau storage."
74d11c7c8cbb4e52b713d2a9c1f9e201,11400000,Player House Building,Assets/Nature  Paradaise/Resources/Buildings/Player House Building.asset,levels.Array.data[3].unlockIds.Array.data[3].Array.data[15],Element 15,114,Integer,,,"ID fitur yang dibuka ketika level selesai, misalnya kitchen atau storage."
74d11c7c8cbb4e52b713d2a9c1f9e201,11400000,Player House Building,Assets/Nature  Paradaise/Resources/Buildings/Player House Building.asset,levels.Array.data[3].unlockIds.Array.data[3].Array.data[16],Element 16,101,Integer,,,"ID fitur yang dibuka ketika level selesai, misalnya kitchen atau storage."
74d11c7c8cbb4e52b713d2a9c1f9e201,11400000,Player House Building,Assets/Nature  Paradaise/Resources/Buildings/Player House Building.asset,levels.Array.data[3].unlockIds.Array.data[3].Array.data[17],Element 17,97,Integer,,,"ID fitur yang dibuka ketika level selesai, misalnya kitchen atau storage."
74d11c7c8cbb4e52b713d2a9c1f9e201,11400000,Player House Building,Assets/Nature  Paradaise/Resources/Buildings/Player House Building.asset,levels.Array.data[3].unlockIds.Array.data[3].Array.data[18],Element 18,100,Integer,,,"ID fitur yang dibuka ketika level selesai, misalnya kitchen atau storage."
74d11c7c8cbb4e52b713d2a9c1f9e201,11400000,Player House Building,Assets/Nature  Paradaise/Resources/Buildings/Player House Building.asset,levels.Array.data[3].unlockIds.Array.data[3].Array.data[19],Element 19,121,Integer,,,"ID fitur yang dibuka ketika level selesai, misalnya kitchen atau storage."
74d11c7c8cbb4e52b713d2a9c1f9e201,11400000,Player House Building,Assets/Nature  Paradaise/Resources/Buildings/Player House Building.asset,levels.Array.data[3].unlockIds.Array.data[3].Array.data[1],Element 1,111,Integer,,,"ID fitur yang dibuka ketika level selesai, misalnya kitchen atau storage."
74d11c7c8cbb4e52b713d2a9c1f9e201,11400000,Player House Building,Assets/Nature  Paradaise/Resources/Buildings/Player House Building.asset,levels.Array.data[3].unlockIds.Array.data[3].Array.data[2],Element 2,117,Integer,,,"ID fitur yang dibuka ketika level selesai, misalnya kitchen atau storage."
74d11c7c8cbb4e52b713d2a9c1f9e201,11400000,Player House Building,Assets/Nature  Paradaise/Resources/Buildings/Player House Building.asset,levels.Array.data[3].unlockIds.Array.data[3].Array.data[3],Element 3,115,Integer,,,"ID fitur yang dibuka ketika level selesai, misalnya kitchen atau storage."
74d11c7c8cbb4e52b713d2a9c1f9e201,11400000,Player House Building,Assets/Nature  Paradaise/Resources/Buildings/Player House Building.asset,levels.Array.data[3].unlockIds.Array.data[3].Array.data[4],Element 4,101,Integer,,,"ID fitur yang dibuka ketika level selesai, misalnya kitchen atau storage."
74d11c7c8cbb4e52b713d2a9c1f9e201,11400000,Player House Building,Assets/Nature  Paradaise/Resources/Buildings/Player House Building.asset,levels.Array.data[3].unlockIds.Array.data[3].Array.data[5],Element 5,46,Integer,,,"ID fitur yang dibuka ketika level selesai, misalnya kitchen atau storage."
74d11c7c8cbb4e52b713d2a9c1f9e201,11400000,Player House Building,Assets/Nature  Paradaise/Resources/Buildings/Player House Building.asset,levels.Array.data[3].unlockIds.Array.data[3].Array.data[6],Element 6,109,Integer,,,"ID fitur yang dibuka ketika level selesai, misalnya kitchen atau storage."
74d11c7c8cbb4e52b713d2a9c1f9e201,11400000,Player House Building,Assets/Nature  Paradaise/Resources/Buildings/Player House Building.asset,levels.Array.data[3].unlockIds.Array.data[3].Array.data[7],Element 7,97,Integer,,,"ID fitur yang dibuka ketika level selesai, misalnya kitchen atau storage."
74d11c7c8cbb4e52b713d2a9c1f9e201,11400000,Player House Building,Assets/Nature  Paradaise/Resources/Buildings/Player House Building.asset,levels.Array.data[3].unlockIds.Array.data[3].Array.data[8],Element 8,114,Integer,,,"ID fitur yang dibuka ketika level selesai, misalnya kitchen atau storage."
74d11c7c8cbb4e52b713d2a9c1f9e201,11400000,Player House Building,Assets/Nature  Paradaise/Resources/Buildings/Player House Building.asset,levels.Array.data[3].unlockIds.Array.data[3].Array.data[9],Element 9,114,Integer,,,"ID fitur yang dibuka ketika level selesai, misalnya kitchen atau storage."
74d11c7c8cbb4e52b713d2a9c1f9e201,11400000,Player House Building,Assets/Nature  Paradaise/Resources/Buildings/Player House Building.asset,levels.Array.data[3].unlockIds.Array.data[4].Array.data[0],Element 0,104,Integer,,,"ID fitur yang dibuka ketika level selesai, misalnya kitchen atau storage."
74d11c7c8cbb4e52b713d2a9c1f9e201,11400000,Player House Building,Assets/Nature  Paradaise/Resources/Buildings/Player House Building.asset,levels.Array.data[3].unlockIds.Array.data[4].Array.data[10],Element 10,105,Integer,,,"ID fitur yang dibuka ketika level selesai, misalnya kitchen atau storage."
74d11c7c8cbb4e52b713d2a9c1f9e201,11400000,Player House Building,Assets/Nature  Paradaise/Resources/Buildings/Player House Building.asset,levels.Array.data[3].unlockIds.Array.data[4].Array.data[11],Element 11,116,Integer,,,"ID fitur yang dibuka ketika level selesai, misalnya kitchen atau storage."
74d11c7c8cbb4e52b713d2a9c1f9e201,11400000,Player House Building,Assets/Nature  Paradaise/Resources/Buildings/Player House Building.asset,levels.Array.data[3].unlockIds.Array.data[4].Array.data[12],Element 12,117,Integer,,,"ID fitur yang dibuka ketika level selesai, misalnya kitchen atau storage."
74d11c7c8cbb4e52b713d2a9c1f9e201,11400000,Player House Building,Assets/Nature  Paradaise/Resources/Buildings/Player House Building.asset,levels.Array.data[3].unlockIds.Array.data[4].Array.data[13],Element 13,114,Integer,,,"ID fitur yang dibuka ketika level selesai, misalnya kitchen atau storage."
74d11c7c8cbb4e52b713d2a9c1f9e201,11400000,Player House Building,Assets/Nature  Paradaise/Resources/Buildings/Player House Building.asset,levels.Array.data[3].unlockIds.Array.data[4].Array.data[14],Element 14,101,Integer,,,"ID fitur yang dibuka ketika level selesai, misalnya kitchen atau storage."
74d11c7c8cbb4e52b713d2a9c1f9e201,11400000,Player House Building,Assets/Nature  Paradaise/Resources/Buildings/Player House Building.asset,levels.Array.data[3].unlockIds.Array.data[4].Array.data[15],Element 15,45,Integer,,,"ID fitur yang dibuka ketika level selesai, misalnya kitchen atau storage."
74d11c7c8cbb4e52b713d2a9c1f9e201,11400000,Player House Building,Assets/Nature  Paradaise/Resources/Buildings/Player House Building.asset,levels.Array.data[3].unlockIds.Array.data[4].Array.data[16],Element 16,116,Integer,,,"ID fitur yang dibuka ketika level selesai, misalnya kitchen atau storage."
74d11c7c8cbb4e52b713d2a9c1f9e201,11400000,Player House Building,Assets/Nature  Paradaise/Resources/Buildings/Player House Building.asset,levels.Array.data[3].unlockIds.Array.data[4].Array.data[17],Element 17,105,Integer,,,"ID fitur yang dibuka ketika level selesai, misalnya kitchen atau storage."
74d11c7c8cbb4e52b713d2a9c1f9e201,11400000,Player House Building,Assets/Nature  Paradaise/Resources/Buildings/Player House Building.asset,levels.Array.data[3].unlockIds.Array.data[4].Array.data[18],Element 18,101,Integer,,,"ID fitur yang dibuka ketika level selesai, misalnya kitchen atau storage."
74d11c7c8cbb4e52b713d2a9c1f9e201,11400000,Player House Building,Assets/Nature  Paradaise/Resources/Buildings/Player House Building.asset,levels.Array.data[3].unlockIds.Array.data[4].Array.data[19],Element 19,114,Integer,,,"ID fitur yang dibuka ketika level selesai, misalnya kitchen atau storage."
74d11c7c8cbb4e52b713d2a9c1f9e201,11400000,Player House Building,Assets/Nature  Paradaise/Resources/Buildings/Player House Building.asset,levels.Array.data[3].unlockIds.Array.data[4].Array.data[1],Element 1,111,Integer,,,"ID fitur yang dibuka ketika level selesai, misalnya kitchen atau storage."
74d11c7c8cbb4e52b713d2a9c1f9e201,11400000,Player House Building,Assets/Nature  Paradaise/Resources/Buildings/Player House Building.asset,levels.Array.data[3].unlockIds.Array.data[4].Array.data[20],Element 20,45,Integer,,,"ID fitur yang dibuka ketika level selesai, misalnya kitchen atau storage."
74d11c7c8cbb4e52b713d2a9c1f9e201,11400000,Player House Building,Assets/Nature  Paradaise/Resources/Buildings/Player House Building.asset,levels.Array.data[3].unlockIds.Array.data[4].Array.data[21],Element 21,52,Integer,,,"ID fitur yang dibuka ketika level selesai, misalnya kitchen atau storage."
74d11c7c8cbb4e52b713d2a9c1f9e201,11400000,Player House Building,Assets/Nature  Paradaise/Resources/Buildings/Player House Building.asset,levels.Array.data[3].unlockIds.Array.data[4].Array.data[2],Element 2,117,Integer,,,"ID fitur yang dibuka ketika level selesai, misalnya kitchen atau storage."
74d11c7c8cbb4e52b713d2a9c1f9e201,11400000,Player House Building,Assets/Nature  Paradaise/Resources/Buildings/Player House Building.asset,levels.Array.data[3].unlockIds.Array.data[4].Array.data[3],Element 3,115,Integer,,,"ID fitur yang dibuka ketika level selesai, misalnya kitchen atau storage."
74d11c7c8cbb4e52b713d2a9c1f9e201,11400000,Player House Building,Assets/Nature  Paradaise/Resources/Buildings/Player House Building.asset,levels.Array.data[3].unlockIds.Array.data[4].Array.data[4],Element 4,101,Integer,,,"ID fitur yang dibuka ketika level selesai, misalnya kitchen atau storage."
74d11c7c8cbb4e52b713d2a9c1f9e201,11400000,Player House Building,Assets/Nature  Paradaise/Resources/Buildings/Player House Building.asset,levels.Array.data[3].unlockIds.Array.data[4].Array.data[5],Element 5,46,Integer,,,"ID fitur yang dibuka ketika level selesai, misalnya kitchen atau storage."
74d11c7c8cbb4e52b713d2a9c1f9e201,11400000,Player House Building,Assets/Nature  Paradaise/Resources/Buildings/Player House Building.asset,levels.Array.data[3].unlockIds.Array.data[4].Array.data[6],Element 6,102,Integer,,,"ID fitur yang dibuka ketika level selesai, misalnya kitchen atau storage."
74d11c7c8cbb4e52b713d2a9c1f9e201,11400000,Player House Building,Assets/Nature  Paradaise/Resources/Buildings/Player House Building.asset,levels.Array.data[3].unlockIds.Array.data[4].Array.data[7],Element 7,117,Integer,,,"ID fitur yang dibuka ketika level selesai, misalnya kitchen atau storage."
74d11c7c8cbb4e52b713d2a9c1f9e201,11400000,Player House Building,Assets/Nature  Paradaise/Resources/Buildings/Player House Building.asset,levels.Array.data[3].unlockIds.Array.data[4].Array.data[8],Element 8,114,Integer,,,"ID fitur yang dibuka ketika level selesai, misalnya kitchen atau storage."
74d11c7c8cbb4e52b713d2a9c1f9e201,11400000,Player House Building,Assets/Nature  Paradaise/Resources/Buildings/Player House Building.asset,levels.Array.data[3].unlockIds.Array.data[4].Array.data[9],Element 9,110,Integer,,,"ID fitur yang dibuka ketika level selesai, misalnya kitchen atau storage."
74d11c7c8cbb4e52b713d2a9c1f9e201,11400000,Player House Building,Assets/Nature  Paradaise/Resources/Buildings/Player House Building.asset,levels.Array.data[4].capacity,Capacity,64,Integer,0,,"Kapasitas generik, misalnya jumlah hewan atau slot storage."
74d11c7c8cbb4e52b713d2a9c1f9e201,11400000,Player House Building,Assets/Nature  Paradaise/Resources/Buildings/Player House Building.asset,levels.Array.data[4].constructionDays,Construction Days,10,Integer,0,,Jumlah pergantian hari sebelum konstruksi selesai.
74d11c7c8cbb4e52b713d2a9c1f9e201,11400000,Player House Building,Assets/Nature  Paradaise/Resources/Buildings/Player House Building.asset,levels.Array.data[4].goldCost,Gold Cost,4000,Integer,0,,Gold yang dibayar ketika level ini mulai dibangun.
74d11c7c8cbb4e52b713d2a9c1f9e201,11400000,Player House Building,Assets/Nature  Paradaise/Resources/Buildings/Player House Building.asset,levels.Array.data[4].level,Level,5,Integer,1,,"Pengaturan Level pada data game. Nilai awal berasal dari asset, bukan contoh. Lihat Inspector untuk konteks entri."
74d11c7c8cbb4e52b713d2a9c1f9e201,11400000,Player House Building,Assets/Nature  Paradaise/Resources/Buildings/Player House Building.asset,levels.Array.data[4].materialCosts.Array.data[0].amount,Amount,110,Integer,1,,Jumlah material yang dibutuhkan. Item: Wood.
74d11c7c8cbb4e52b713d2a9c1f9e201,11400000,Player House Building,Assets/Nature  Paradaise/Resources/Buildings/Player House Building.asset,levels.Array.data[4].materialCosts.Array.data[1].amount,Amount,80,Integer,1,,Jumlah material yang dibutuhkan. Item: Stone.
74d11c7c8cbb4e52b713d2a9c1f9e201,11400000,Player House Building,Assets/Nature  Paradaise/Resources/Buildings/Player House Building.asset,levels.Array.data[4].requiredVillageLevel,Required Village Level,4,Integer,0,,Village Level minimum sebelum level bangunan ini dapat dibeli.
74d11c7c8cbb4e52b713d2a9c1f9e201,11400000,Player House Building,Assets/Nature  Paradaise/Resources/Buildings/Player House Building.asset,levels.Array.data[4].unlockIds.Array.data[0].Array.data[0],Element 0,104,Integer,,,"ID fitur yang dibuka ketika level selesai, misalnya kitchen atau storage."
74d11c7c8cbb4e52b713d2a9c1f9e201,11400000,Player House Building,Assets/Nature  Paradaise/Resources/Buildings/Player House Building.asset,levels.Array.data[4].unlockIds.Array.data[0].Array.data[10],Element 10,97,Integer,,,"ID fitur yang dibuka ketika level selesai, misalnya kitchen atau storage."
74d11c7c8cbb4e52b713d2a9c1f9e201,11400000,Player House Building,Assets/Nature  Paradaise/Resources/Buildings/Player House Building.asset,levels.Array.data[4].unlockIds.Array.data[0].Array.data[11],Element 11,120,Integer,,,"ID fitur yang dibuka ketika level selesai, misalnya kitchen atau storage."
74d11c7c8cbb4e52b713d2a9c1f9e201,11400000,Player House Building,Assets/Nature  Paradaise/Resources/Buildings/Player House Building.asset,levels.Array.data[4].unlockIds.Array.data[0].Array.data[1],Element 1,111,Integer,,,"ID fitur yang dibuka ketika level selesai, misalnya kitchen atau storage."
74d11c7c8cbb4e52b713d2a9c1f9e201,11400000,Player House Building,Assets/Nature  Paradaise/Resources/Buildings/Player House Building.asset,levels.Array.data[4].unlockIds.Array.data[0].Array.data[2],Element 2,117,Integer,,,"ID fitur yang dibuka ketika level selesai, misalnya kitchen atau storage."
74d11c7c8cbb4e52b713d2a9c1f9e201,11400000,Player House Building,Assets/Nature  Paradaise/Resources/Buildings/Player House Building.asset,levels.Array.data[4].unlockIds.Array.data[0].Array.data[3],Element 3,115,Integer,,,"ID fitur yang dibuka ketika level selesai, misalnya kitchen atau storage."
74d11c7c8cbb4e52b713d2a9c1f9e201,11400000,Player House Building,Assets/Nature  Paradaise/Resources/Buildings/Player House Building.asset,levels.Array.data[4].unlockIds.Array.data[0].Array.data[4],Element 4,101,Integer,,,"ID fitur yang dibuka ketika level selesai, misalnya kitchen atau storage."
74d11c7c8cbb4e52b713d2a9c1f9e201,11400000,Player House Building,Assets/Nature  Paradaise/Resources/Buildings/Player House Building.asset,levels.Array.data[4].unlockIds.Array.data[0].Array.data[5],Element 5,46,Integer,,,"ID fitur yang dibuka ketika level selesai, misalnya kitchen atau storage."
74d11c7c8cbb4e52b713d2a9c1f9e201,11400000,Player House Building,Assets/Nature  Paradaise/Resources/Buildings/Player House Building.asset,levels.Array.data[4].unlockIds.Array.data[0].Array.data[6],Element 6,116,Integer,,,"ID fitur yang dibuka ketika level selesai, misalnya kitchen atau storage."
74d11c7c8cbb4e52b713d2a9c1f9e201,11400000,Player House Building,Assets/Nature  Paradaise/Resources/Buildings/Player House Building.asset,levels.Array.data[4].unlockIds.Array.data[0].Array.data[7],Element 7,118,Integer,,,"ID fitur yang dibuka ketika level selesai, misalnya kitchen atau storage."
74d11c7c8cbb4e52b713d2a9c1f9e201,11400000,Player House Building,Assets/Nature  Paradaise/Resources/Buildings/Player House Building.asset,levels.Array.data[4].unlockIds.Array.data[0].Array.data[8],Element 8,45,Integer,,,"ID fitur yang dibuka ketika level selesai, misalnya kitchen atau storage."
74d11c7c8cbb4e52b713d2a9c1f9e201,11400000,Player House Building,Assets/Nature  Paradaise/Resources/Buildings/Player House Building.asset,levels.Array.data[4].unlockIds.Array.data[0].Array.data[9],Element 9,109,Integer,,,"ID fitur yang dibuka ketika level selesai, misalnya kitchen atau storage."
74d11c7c8cbb4e52b713d2a9c1f9e201,11400000,Player House Building,Assets/Nature  Paradaise/Resources/Buildings/Player House Building.asset,levels.Array.data[4].unlockIds.Array.data[1].Array.data[0],Element 0,104,Integer,,,"ID fitur yang dibuka ketika level selesai, misalnya kitchen atau storage."
74d11c7c8cbb4e52b713d2a9c1f9e201,11400000,Player House Building,Assets/Nature  Paradaise/Resources/Buildings/Player House Building.asset,levels.Array.data[4].unlockIds.Array.data[1].Array.data[10],Element 10,105,Integer,,,"ID fitur yang dibuka ketika level selesai, misalnya kitchen atau storage."
74d11c7c8cbb4e52b713d2a9c1f9e201,11400000,Player House Building,Assets/Nature  Paradaise/Resources/Buildings/Player House Building.asset,levels.Array.data[4].unlockIds.Array.data[1].Array.data[11],Element 11,103,Integer,,,"ID fitur yang dibuka ketika level selesai, misalnya kitchen atau storage."
74d11c7c8cbb4e52b713d2a9c1f9e201,11400000,Player House Building,Assets/Nature  Paradaise/Resources/Buildings/Player House Building.asset,levels.Array.data[4].unlockIds.Array.data[1].Array.data[12],Element 12,101,Integer,,,"ID fitur yang dibuka ketika level selesai, misalnya kitchen atau storage."
74d11c7c8cbb4e52b713d2a9c1f9e201,11400000,Player House Building,Assets/Nature  Paradaise/Resources/Buildings/Player House Building.asset,levels.Array.data[4].unlockIds.Array.data[1].Array.data[13],Element 13,114,Integer,,,"ID fitur yang dibuka ketika level selesai, misalnya kitchen atau storage."
74d11c7c8cbb4e52b713d2a9c1f9e201,11400000,Player House Building,Assets/Nature  Paradaise/Resources/Buildings/Player House Building.asset,levels.Array.data[4].unlockIds.Array.data[1].Array.data[14],Element 14,97,Integer,,,"ID fitur yang dibuka ketika level selesai, misalnya kitchen atau storage."
74d11c7c8cbb4e52b713d2a9c1f9e201,11400000,Player House Building,Assets/Nature  Paradaise/Resources/Buildings/Player House Building.asset,levels.Array.data[4].unlockIds.Array.data[1].Array.data[15],Element 15,116,Integer,,,"ID fitur yang dibuka ketika level selesai, misalnya kitchen atau storage."
74d11c7c8cbb4e52b713d2a9c1f9e201,11400000,Player House Building,Assets/Nature  Paradaise/Resources/Buildings/Player House Building.asset,levels.Array.data[4].unlockIds.Array.data[1].Array.data[16],Element 16,111,Integer,,,"ID fitur yang dibuka ketika level selesai, misalnya kitchen atau storage."
74d11c7c8cbb4e52b713d2a9c1f9e201,11400000,Player House Building,Assets/Nature  Paradaise/Resources/Buildings/Player House Building.asset,levels.Array.data[4].unlockIds.Array.data[1].Array.data[17],Element 17,114,Integer,,,"ID fitur yang dibuka ketika level selesai, misalnya kitchen atau storage."
74d11c7c8cbb4e52b713d2a9c1f9e201,11400000,Player House Building,Assets/Nature  Paradaise/Resources/Buildings/Player House Building.asset,levels.Array.data[4].unlockIds.Array.data[1].Array.data[18],Element 18,45,Integer,,,"ID fitur yang dibuka ketika level selesai, misalnya kitchen atau storage."
74d11c7c8cbb4e52b713d2a9c1f9e201,11400000,Player House Building,Assets/Nature  Paradaise/Resources/Buildings/Player House Building.asset,levels.Array.data[4].unlockIds.Array.data[1].Array.data[19],Element 19,109,Integer,,,"ID fitur yang dibuka ketika level selesai, misalnya kitchen atau storage."
74d11c7c8cbb4e52b713d2a9c1f9e201,11400000,Player House Building,Assets/Nature  Paradaise/Resources/Buildings/Player House Building.asset,levels.Array.data[4].unlockIds.Array.data[1].Array.data[1],Element 1,111,Integer,,,"ID fitur yang dibuka ketika level selesai, misalnya kitchen atau storage."
74d11c7c8cbb4e52b713d2a9c1f9e201,11400000,Player House Building,Assets/Nature  Paradaise/Resources/Buildings/Player House Building.asset,levels.Array.data[4].unlockIds.Array.data[1].Array.data[20],Element 20,97,Integer,,,"ID fitur yang dibuka ketika level selesai, misalnya kitchen atau storage."
74d11c7c8cbb4e52b713d2a9c1f9e201,11400000,Player House Building,Assets/Nature  Paradaise/Resources/Buildings/Player House Building.asset,levels.Array.data[4].unlockIds.Array.data[1].Array.data[21],Element 21,120,Integer,,,"ID fitur yang dibuka ketika level selesai, misalnya kitchen atau storage."
74d11c7c8cbb4e52b713d2a9c1f9e201,11400000,Player House Building,Assets/Nature  Paradaise/Resources/Buildings/Player House Building.asset,levels.Array.data[4].unlockIds.Array.data[1].Array.data[2],Element 2,117,Integer,,,"ID fitur yang dibuka ketika level selesai, misalnya kitchen atau storage."
74d11c7c8cbb4e52b713d2a9c1f9e201,11400000,Player House Building,Assets/Nature  Paradaise/Resources/Buildings/Player House Building.asset,levels.Array.data[4].unlockIds.Array.data[1].Array.data[3],Element 3,115,Integer,,,"ID fitur yang dibuka ketika level selesai, misalnya kitchen atau storage."
74d11c7c8cbb4e52b713d2a9c1f9e201,11400000,Player House Building,Assets/Nature  Paradaise/Resources/Buildings/Player House Building.asset,levels.Array.data[4].unlockIds.Array.data[1].Array.data[4],Element 4,101,Integer,,,"ID fitur yang dibuka ketika level selesai, misalnya kitchen atau storage."
74d11c7c8cbb4e52b713d2a9c1f9e201,11400000,Player House Building,Assets/Nature  Paradaise/Resources/Buildings/Player House Building.asset,levels.Array.data[4].unlockIds.Array.data[1].Array.data[5],Element 5,46,Integer,,,"ID fitur yang dibuka ketika level selesai, misalnya kitchen atau storage."
74d11c7c8cbb4e52b713d2a9c1f9e201,11400000,Player House Building,Assets/Nature  Paradaise/Resources/Buildings/Player House Building.asset,levels.Array.data[4].unlockIds.Array.data[1].Array.data[6],Element 6,114,Integer,,,"ID fitur yang dibuka ketika level selesai, misalnya kitchen atau storage."
74d11c7c8cbb4e52b713d2a9c1f9e201,11400000,Player House Building,Assets/Nature  Paradaise/Resources/Buildings/Player House Building.asset,levels.Array.data[4].unlockIds.Array.data[1].Array.data[7],Element 7,101,Integer,,,"ID fitur yang dibuka ketika level selesai, misalnya kitchen atau storage."
74d11c7c8cbb4e52b713d2a9c1f9e201,11400000,Player House Building,Assets/Nature  Paradaise/Resources/Buildings/Player House Building.asset,levels.Array.data[4].unlockIds.Array.data[1].Array.data[8],Element 8,102,Integer,,,"ID fitur yang dibuka ketika level selesai, misalnya kitchen atau storage."
74d11c7c8cbb4e52b713d2a9c1f9e201,11400000,Player House Building,Assets/Nature  Paradaise/Resources/Buildings/Player House Building.asset,levels.Array.data[4].unlockIds.Array.data[1].Array.data[9],Element 9,114,Integer,,,"ID fitur yang dibuka ketika level selesai, misalnya kitchen atau storage."
74d11c7c8cbb4e52b713d2a9c1f9e201,11400000,Player House Building,Assets/Nature  Paradaise/Resources/Buildings/Player House Building.asset,levels.Array.data[4].unlockIds.Array.data[2].Array.data[0],Element 0,104,Integer,,,"ID fitur yang dibuka ketika level selesai, misalnya kitchen atau storage."
74d11c7c8cbb4e52b713d2a9c1f9e201,11400000,Player House Building,Assets/Nature  Paradaise/Resources/Buildings/Player House Building.asset,levels.Array.data[4].unlockIds.Array.data[2].Array.data[10],Element 10,114,Integer,,,"ID fitur yang dibuka ketika level selesai, misalnya kitchen atau storage."
74d11c7c8cbb4e52b713d2a9c1f9e201,11400000,Player House Building,Assets/Nature  Paradaise/Resources/Buildings/Player House Building.asset,levels.Array.data[4].unlockIds.Array.data[2].Array.data[11],Element 11,105,Integer,,,"ID fitur yang dibuka ketika level selesai, misalnya kitchen atau storage."
74d11c7c8cbb4e52b713d2a9c1f9e201,11400000,Player House Building,Assets/Nature  Paradaise/Resources/Buildings/Player House Building.asset,levels.Array.data[4].unlockIds.Array.data[2].Array.data[12],Element 12,117,Integer,,,"ID fitur yang dibuka ketika level selesai, misalnya kitchen atau storage."
74d11c7c8cbb4e52b713d2a9c1f9e201,11400000,Player House Building,Assets/Nature  Paradaise/Resources/Buildings/Player House Building.asset,levels.Array.data[4].unlockIds.Array.data[2].Array.data[13],Element 13,109,Integer,,,"ID fitur yang dibuka ketika level selesai, misalnya kitchen atau storage."
74d11c7c8cbb4e52b713d2a9c1f9e201,11400000,Player House Building,Assets/Nature  Paradaise/Resources/Buildings/Player House Building.asset,levels.Array.data[4].unlockIds.Array.data[2].Array.data[14],Element 14,45,Integer,,,"ID fitur yang dibuka ketika level selesai, misalnya kitchen atau storage."
74d11c7c8cbb4e52b713d2a9c1f9e201,11400000,Player House Building,Assets/Nature  Paradaise/Resources/Buildings/Player House Building.asset,levels.Array.data[4].unlockIds.Array.data[2].Array.data[15],Element 15,106,Integer,,,"ID fitur yang dibuka ketika level selesai, misalnya kitchen atau storage."
74d11c7c8cbb4e52b713d2a9c1f9e201,11400000,Player House Building,Assets/Nature  Paradaise/Resources/Buildings/Player House Building.asset,levels.Array.data[4].unlockIds.Array.data[2].Array.data[16],Element 16,117,Integer,,,"ID fitur yang dibuka ketika level selesai, misalnya kitchen atau storage."
74d11c7c8cbb4e52b713d2a9c1f9e201,11400000,Player House Building,Assets/Nature  Paradaise/Resources/Buildings/Player House Building.asset,levels.Array.data[4].unlockIds.Array.data[2].Array.data[17],Element 17,109,Integer,,,"ID fitur yang dibuka ketika level selesai, misalnya kitchen atau storage."
74d11c7c8cbb4e52b713d2a9c1f9e201,11400000,Player House Building,Assets/Nature  Paradaise/Resources/Buildings/Player House Building.asset,levels.Array.data[4].unlockIds.Array.data[2].Array.data[18],Element 18,98,Integer,,,"ID fitur yang dibuka ketika level selesai, misalnya kitchen atau storage."
74d11c7c8cbb4e52b713d2a9c1f9e201,11400000,Player House Building,Assets/Nature  Paradaise/Resources/Buildings/Player House Building.asset,levels.Array.data[4].unlockIds.Array.data[2].Array.data[19],Element 19,111,Integer,,,"ID fitur yang dibuka ketika level selesai, misalnya kitchen atau storage."
74d11c7c8cbb4e52b713d2a9c1f9e201,11400000,Player House Building,Assets/Nature  Paradaise/Resources/Buildings/Player House Building.asset,levels.Array.data[4].unlockIds.Array.data[2].Array.data[1],Element 1,111,Integer,,,"ID fitur yang dibuka ketika level selesai, misalnya kitchen atau storage."
74d11c7c8cbb4e52b713d2a9c1f9e201,11400000,Player House Building,Assets/Nature  Paradaise/Resources/Buildings/Player House Building.asset,levels.Array.data[4].unlockIds.Array.data[2].Array.data[2],Element 2,117,Integer,,,"ID fitur yang dibuka ketika level selesai, misalnya kitchen atau storage."
74d11c7c8cbb4e52b713d2a9c1f9e201,11400000,Player House Building,Assets/Nature  Paradaise/Resources/Buildings/Player House Building.asset,levels.Array.data[4].unlockIds.Array.data[2].Array.data[3],Element 3,115,Integer,,,"ID fitur yang dibuka ketika level selesai, misalnya kitchen atau storage."
74d11c7c8cbb4e52b713d2a9c1f9e201,11400000,Player House Building,Assets/Nature  Paradaise/Resources/Buildings/Player House Building.asset,levels.Array.data[4].unlockIds.Array.data[2].Array.data[4],Element 4,101,Integer,,,"ID fitur yang dibuka ketika level selesai, misalnya kitchen atau storage."
74d11c7c8cbb4e52b713d2a9c1f9e201,11400000,Player House Building,Assets/Nature  Paradaise/Resources/Buildings/Player House Building.asset,levels.Array.data[4].unlockIds.Array.data[2].Array.data[5],Element 5,46,Integer,,,"ID fitur yang dibuka ketika level selesai, misalnya kitchen atau storage."
74d11c7c8cbb4e52b713d2a9c1f9e201,11400000,Player House Building,Assets/Nature  Paradaise/Resources/Buildings/Player House Building.asset,levels.Array.data[4].unlockIds.Array.data[2].Array.data[6],Element 6,97,Integer,,,"ID fitur yang dibuka ketika level selesai, misalnya kitchen atau storage."
74d11c7c8cbb4e52b713d2a9c1f9e201,11400000,Player House Building,Assets/Nature  Paradaise/Resources/Buildings/Player House Building.asset,levels.Array.data[4].unlockIds.Array.data[2].Array.data[7],Element 7,113,Integer,,,"ID fitur yang dibuka ketika level selesai, misalnya kitchen atau storage."
74d11c7c8cbb4e52b713d2a9c1f9e201,11400000,Player House Building,Assets/Nature  Paradaise/Resources/Buildings/Player House Building.asset,levels.Array.data[4].unlockIds.Array.data[2].Array.data[8],Element 8,117,Integer,,,"ID fitur yang dibuka ketika level selesai, misalnya kitchen atau storage."
74d11c7c8cbb4e52b713d2a9c1f9e201,11400000,Player House Building,Assets/Nature  Paradaise/Resources/Buildings/Player House Building.asset,levels.Array.data[4].unlockIds.Array.data[2].Array.data[9],Element 9,97,Integer,,,"ID fitur yang dibuka ketika level selesai, misalnya kitchen atau storage."
74d11c7c8cbb4e52b713d2a9c1f9e201,11400000,Player House Building,Assets/Nature  Paradaise/Resources/Buildings/Player House Building.asset,levels.Array.data[4].unlockIds.Array.data[3].Array.data[0],Element 0,104,Integer,,,"ID fitur yang dibuka ketika level selesai, misalnya kitchen atau storage."
74d11c7c8cbb4e52b713d2a9c1f9e201,11400000,Player House Building,Assets/Nature  Paradaise/Resources/Buildings/Player House Building.asset,levels.Array.data[4].unlockIds.Array.data[3].Array.data[10],Element 10,105,Integer,,,"ID fitur yang dibuka ketika level selesai, misalnya kitchen atau storage."
74d11c7c8cbb4e52b713d2a9c1f9e201,11400000,Player House Building,Assets/Nature  Paradaise/Resources/Buildings/Player House Building.asset,levels.Array.data[4].unlockIds.Array.data[3].Array.data[11],Element 11,116,Integer,,,"ID fitur yang dibuka ketika level selesai, misalnya kitchen atau storage."
74d11c7c8cbb4e52b713d2a9c1f9e201,11400000,Player House Building,Assets/Nature  Paradaise/Resources/Buildings/Player House Building.asset,levels.Array.data[4].unlockIds.Array.data[3].Array.data[12],Element 12,117,Integer,,,"ID fitur yang dibuka ketika level selesai, misalnya kitchen atau storage."
74d11c7c8cbb4e52b713d2a9c1f9e201,11400000,Player House Building,Assets/Nature  Paradaise/Resources/Buildings/Player House Building.asset,levels.Array.data[4].unlockIds.Array.data[3].Array.data[13],Element 13,114,Integer,,,"ID fitur yang dibuka ketika level selesai, misalnya kitchen atau storage."
74d11c7c8cbb4e52b713d2a9c1f9e201,11400000,Player House Building,Assets/Nature  Paradaise/Resources/Buildings/Player House Building.asset,levels.Array.data[4].unlockIds.Array.data[3].Array.data[14],Element 14,101,Integer,,,"ID fitur yang dibuka ketika level selesai, misalnya kitchen atau storage."
74d11c7c8cbb4e52b713d2a9c1f9e201,11400000,Player House Building,Assets/Nature  Paradaise/Resources/Buildings/Player House Building.asset,levels.Array.data[4].unlockIds.Array.data[3].Array.data[15],Element 15,45,Integer,,,"ID fitur yang dibuka ketika level selesai, misalnya kitchen atau storage."
74d11c7c8cbb4e52b713d2a9c1f9e201,11400000,Player House Building,Assets/Nature  Paradaise/Resources/Buildings/Player House Building.asset,levels.Array.data[4].unlockIds.Array.data[3].Array.data[16],Element 16,116,Integer,,,"ID fitur yang dibuka ketika level selesai, misalnya kitchen atau storage."
74d11c7c8cbb4e52b713d2a9c1f9e201,11400000,Player House Building,Assets/Nature  Paradaise/Resources/Buildings/Player House Building.asset,levels.Array.data[4].unlockIds.Array.data[3].Array.data[17],Element 17,105,Integer,,,"ID fitur yang dibuka ketika level selesai, misalnya kitchen atau storage."
74d11c7c8cbb4e52b713d2a9c1f9e201,11400000,Player House Building,Assets/Nature  Paradaise/Resources/Buildings/Player House Building.asset,levels.Array.data[4].unlockIds.Array.data[3].Array.data[18],Element 18,101,Integer,,,"ID fitur yang dibuka ketika level selesai, misalnya kitchen atau storage."
74d11c7c8cbb4e52b713d2a9c1f9e201,11400000,Player House Building,Assets/Nature  Paradaise/Resources/Buildings/Player House Building.asset,levels.Array.data[4].unlockIds.Array.data[3].Array.data[19],Element 19,114,Integer,,,"ID fitur yang dibuka ketika level selesai, misalnya kitchen atau storage."
74d11c7c8cbb4e52b713d2a9c1f9e201,11400000,Player House Building,Assets/Nature  Paradaise/Resources/Buildings/Player House Building.asset,levels.Array.data[4].unlockIds.Array.data[3].Array.data[1],Element 1,111,Integer,,,"ID fitur yang dibuka ketika level selesai, misalnya kitchen atau storage."
74d11c7c8cbb4e52b713d2a9c1f9e201,11400000,Player House Building,Assets/Nature  Paradaise/Resources/Buildings/Player House Building.asset,levels.Array.data[4].unlockIds.Array.data[3].Array.data[20],Element 20,45,Integer,,,"ID fitur yang dibuka ketika level selesai, misalnya kitchen atau storage."
74d11c7c8cbb4e52b713d2a9c1f9e201,11400000,Player House Building,Assets/Nature  Paradaise/Resources/Buildings/Player House Building.asset,levels.Array.data[4].unlockIds.Array.data[3].Array.data[21],Element 21,53,Integer,,,"ID fitur yang dibuka ketika level selesai, misalnya kitchen atau storage."
74d11c7c8cbb4e52b713d2a9c1f9e201,11400000,Player House Building,Assets/Nature  Paradaise/Resources/Buildings/Player House Building.asset,levels.Array.data[4].unlockIds.Array.data[3].Array.data[2],Element 2,117,Integer,,,"ID fitur yang dibuka ketika level selesai, misalnya kitchen atau storage."
74d11c7c8cbb4e52b713d2a9c1f9e201,11400000,Player House Building,Assets/Nature  Paradaise/Resources/Buildings/Player House Building.asset,levels.Array.data[4].unlockIds.Array.data[3].Array.data[3],Element 3,115,Integer,,,"ID fitur yang dibuka ketika level selesai, misalnya kitchen atau storage."
74d11c7c8cbb4e52b713d2a9c1f9e201,11400000,Player House Building,Assets/Nature  Paradaise/Resources/Buildings/Player House Building.asset,levels.Array.data[4].unlockIds.Array.data[3].Array.data[4],Element 4,101,Integer,,,"ID fitur yang dibuka ketika level selesai, misalnya kitchen atau storage."
74d11c7c8cbb4e52b713d2a9c1f9e201,11400000,Player House Building,Assets/Nature  Paradaise/Resources/Buildings/Player House Building.asset,levels.Array.data[4].unlockIds.Array.data[3].Array.data[5],Element 5,46,Integer,,,"ID fitur yang dibuka ketika level selesai, misalnya kitchen atau storage."
74d11c7c8cbb4e52b713d2a9c1f9e201,11400000,Player House Building,Assets/Nature  Paradaise/Resources/Buildings/Player House Building.asset,levels.Array.data[4].unlockIds.Array.data[3].Array.data[6],Element 6,102,Integer,,,"ID fitur yang dibuka ketika level selesai, misalnya kitchen atau storage."
74d11c7c8cbb4e52b713d2a9c1f9e201,11400000,Player House Building,Assets/Nature  Paradaise/Resources/Buildings/Player House Building.asset,levels.Array.data[4].unlockIds.Array.data[3].Array.data[7],Element 7,117,Integer,,,"ID fitur yang dibuka ketika level selesai, misalnya kitchen atau storage."
74d11c7c8cbb4e52b713d2a9c1f9e201,11400000,Player House Building,Assets/Nature  Paradaise/Resources/Buildings/Player House Building.asset,levels.Array.data[4].unlockIds.Array.data[3].Array.data[8],Element 8,114,Integer,,,"ID fitur yang dibuka ketika level selesai, misalnya kitchen atau storage."
74d11c7c8cbb4e52b713d2a9c1f9e201,11400000,Player House Building,Assets/Nature  Paradaise/Resources/Buildings/Player House Building.asset,levels.Array.data[4].unlockIds.Array.data[3].Array.data[9],Element 9,110,Integer,,,"ID fitur yang dibuka ketika level selesai, misalnya kitchen atau storage."
bea5bc77d7383b047b5d4d5d26a06348,11400000,Fish Pond Building,Assets/Nature  Paradaise/Resources/Buildings/Fish Pond Building.asset,canDemolish,Can Demolish,TRUE,Boolean,,,"Pengaturan Can Demolish pada data game. Nilai awal berasal dari asset, bukan contoh. Lihat Inspector untuk konteks entri."
bea5bc77d7383b047b5d4d5d26a06348,11400000,Fish Pond Building,Assets/Nature  Paradaise/Resources/Buildings/Fish Pond Building.asset,canRelocate,Can Relocate,TRUE,Boolean,,,"Pengaturan Can Relocate pada data game. Nilai awal berasal dari asset, bukan contoh. Lihat Inspector untuk konteks entri."
bea5bc77d7383b047b5d4d5d26a06348,11400000,Fish Pond Building,Assets/Nature  Paradaise/Resources/Buildings/Fish Pond Building.asset,defaultPlacementYaw,Default Placement Yaw,0,Float,-180,180,Arah awal bangunan pada sumbu Y. Preview tidak mengambil arah hadap player; gunakan T untuk memutarnya.
bea5bc77d7383b047b5d4d5d26a06348,11400000,Fish Pond Building,Assets/Nature  Paradaise/Resources/Buildings/Fish Pond Building.asset,footprintDepth,Footprint Depth,5,Integer,1,,Kedalaman area grid yang harus kosong ketika bangunan ditempatkan.
bea5bc77d7383b047b5d4d5d26a06348,11400000,Fish Pond Building,Assets/Nature  Paradaise/Resources/Buildings/Fish Pond Building.asset,footprintWidth,Footprint Width,5,Integer,1,,Lebar area grid yang harus kosong ketika bangunan ditempatkan.
bea5bc77d7383b047b5d4d5d26a06348,11400000,Fish Pond Building,Assets/Nature  Paradaise/Resources/Buildings/Fish Pond Building.asset,levels.Array.data[0].capacity,Capacity,4,Integer,0,,"Kapasitas generik, misalnya jumlah hewan atau slot storage."
bea5bc77d7383b047b5d4d5d26a06348,11400000,Fish Pond Building,Assets/Nature  Paradaise/Resources/Buildings/Fish Pond Building.asset,levels.Array.data[0].constructionDays,Construction Days,2,Integer,0,,Jumlah pergantian hari sebelum konstruksi selesai.
bea5bc77d7383b047b5d4d5d26a06348,11400000,Fish Pond Building,Assets/Nature  Paradaise/Resources/Buildings/Fish Pond Building.asset,levels.Array.data[0].goldCost,Gold Cost,500,Integer,0,,Gold yang dibayar ketika level ini mulai dibangun.
bea5bc77d7383b047b5d4d5d26a06348,11400000,Fish Pond Building,Assets/Nature  Paradaise/Resources/Buildings/Fish Pond Building.asset,levels.Array.data[0].level,Level,1,Integer,1,,"Pengaturan Level pada data game. Nilai awal berasal dari asset, bukan contoh. Lihat Inspector untuk konteks entri."
bea5bc77d7383b047b5d4d5d26a06348,11400000,Fish Pond Building,Assets/Nature  Paradaise/Resources/Buildings/Fish Pond Building.asset,levels.Array.data[0].materialCosts.Array.data[0].amount,Amount,15,Integer,1,,Jumlah material yang dibutuhkan. Item: Wood.
bea5bc77d7383b047b5d4d5d26a06348,11400000,Fish Pond Building,Assets/Nature  Paradaise/Resources/Buildings/Fish Pond Building.asset,levels.Array.data[0].materialCosts.Array.data[1].amount,Amount,12,Integer,1,,Jumlah material yang dibutuhkan. Item: Stone.
bea5bc77d7383b047b5d4d5d26a06348,11400000,Fish Pond Building,Assets/Nature  Paradaise/Resources/Buildings/Fish Pond Building.asset,levels.Array.data[0].requiredVillageLevel,Required Village Level,0,Integer,0,,Village Level minimum sebelum level bangunan ini dapat dibeli.
bea5bc77d7383b047b5d4d5d26a06348,11400000,Fish Pond Building,Assets/Nature  Paradaise/Resources/Buildings/Fish Pond Building.asset,levels.Array.data[0].unlockIds.Array.data[0].Array.data[0],Element 0,102,Integer,,,"ID fitur yang dibuka ketika level selesai, misalnya kitchen atau storage."
bea5bc77d7383b047b5d4d5d26a06348,11400000,Fish Pond Building,Assets/Nature  Paradaise/Resources/Buildings/Fish Pond Building.asset,levels.Array.data[0].unlockIds.Array.data[0].Array.data[10],Element 10,108,Integer,,,"ID fitur yang dibuka ketika level selesai, misalnya kitchen atau storage."
bea5bc77d7383b047b5d4d5d26a06348,11400000,Fish Pond Building,Assets/Nature  Paradaise/Resources/Buildings/Fish Pond Building.asset,levels.Array.data[0].unlockIds.Array.data[0].Array.data[11],Element 11,101,Integer,,,"ID fitur yang dibuka ketika level selesai, misalnya kitchen atau storage."
bea5bc77d7383b047b5d4d5d26a06348,11400000,Fish Pond Building,Assets/Nature  Paradaise/Resources/Buildings/Fish Pond Building.asset,levels.Array.data[0].unlockIds.Array.data[0].Array.data[12],Element 12,118,Integer,,,"ID fitur yang dibuka ketika level selesai, misalnya kitchen atau storage."
bea5bc77d7383b047b5d4d5d26a06348,11400000,Fish Pond Building,Assets/Nature  Paradaise/Resources/Buildings/Fish Pond Building.asset,levels.Array.data[0].unlockIds.Array.data[0].Array.data[13],Element 13,101,Integer,,,"ID fitur yang dibuka ketika level selesai, misalnya kitchen atau storage."
bea5bc77d7383b047b5d4d5d26a06348,11400000,Fish Pond Building,Assets/Nature  Paradaise/Resources/Buildings/Fish Pond Building.asset,levels.Array.data[0].unlockIds.Array.data[0].Array.data[14],Element 14,108,Integer,,,"ID fitur yang dibuka ketika level selesai, misalnya kitchen atau storage."
bea5bc77d7383b047b5d4d5d26a06348,11400000,Fish Pond Building,Assets/Nature  Paradaise/Resources/Buildings/Fish Pond Building.asset,levels.Array.data[0].unlockIds.Array.data[0].Array.data[15],Element 15,45,Integer,,,"ID fitur yang dibuka ketika level selesai, misalnya kitchen atau storage."
bea5bc77d7383b047b5d4d5d26a06348,11400000,Fish Pond Building,Assets/Nature  Paradaise/Resources/Buildings/Fish Pond Building.asset,levels.Array.data[0].unlockIds.Array.data[0].Array.data[16],Element 16,49,Integer,,,"ID fitur yang dibuka ketika level selesai, misalnya kitchen atau storage."
bea5bc77d7383b047b5d4d5d26a06348,11400000,Fish Pond Building,Assets/Nature  Paradaise/Resources/Buildings/Fish Pond Building.asset,levels.Array.data[0].unlockIds.Array.data[0].Array.data[1],Element 1,105,Integer,,,"ID fitur yang dibuka ketika level selesai, misalnya kitchen atau storage."
bea5bc77d7383b047b5d4d5d26a06348,11400000,Fish Pond Building,Assets/Nature  Paradaise/Resources/Buildings/Fish Pond Building.asset,levels.Array.data[0].unlockIds.Array.data[0].Array.data[2],Element 2,115,Integer,,,"ID fitur yang dibuka ketika level selesai, misalnya kitchen atau storage."
bea5bc77d7383b047b5d4d5d26a06348,11400000,Fish Pond Building,Assets/Nature  Paradaise/Resources/Buildings/Fish Pond Building.asset,levels.Array.data[0].unlockIds.Array.data[0].Array.data[3],Element 3,104,Integer,,,"ID fitur yang dibuka ketika level selesai, misalnya kitchen atau storage."
bea5bc77d7383b047b5d4d5d26a06348,11400000,Fish Pond Building,Assets/Nature  Paradaise/Resources/Buildings/Fish Pond Building.asset,levels.Array.data[0].unlockIds.Array.data[0].Array.data[4],Element 4,45,Integer,,,"ID fitur yang dibuka ketika level selesai, misalnya kitchen atau storage."
bea5bc77d7383b047b5d4d5d26a06348,11400000,Fish Pond Building,Assets/Nature  Paradaise/Resources/Buildings/Fish Pond Building.asset,levels.Array.data[0].unlockIds.Array.data[0].Array.data[5],Element 5,112,Integer,,,"ID fitur yang dibuka ketika level selesai, misalnya kitchen atau storage."
bea5bc77d7383b047b5d4d5d26a06348,11400000,Fish Pond Building,Assets/Nature  Paradaise/Resources/Buildings/Fish Pond Building.asset,levels.Array.data[0].unlockIds.Array.data[0].Array.data[6],Element 6,111,Integer,,,"ID fitur yang dibuka ketika level selesai, misalnya kitchen atau storage."
bea5bc77d7383b047b5d4d5d26a06348,11400000,Fish Pond Building,Assets/Nature  Paradaise/Resources/Buildings/Fish Pond Building.asset,levels.Array.data[0].unlockIds.Array.data[0].Array.data[7],Element 7,110,Integer,,,"ID fitur yang dibuka ketika level selesai, misalnya kitchen atau storage."
bea5bc77d7383b047b5d4d5d26a06348,11400000,Fish Pond Building,Assets/Nature  Paradaise/Resources/Buildings/Fish Pond Building.asset,levels.Array.data[0].unlockIds.Array.data[0].Array.data[8],Element 8,100,Integer,,,"ID fitur yang dibuka ketika level selesai, misalnya kitchen atau storage."
bea5bc77d7383b047b5d4d5d26a06348,11400000,Fish Pond Building,Assets/Nature  Paradaise/Resources/Buildings/Fish Pond Building.asset,levels.Array.data[0].unlockIds.Array.data[0].Array.data[9],Element 9,46,Integer,,,"ID fitur yang dibuka ketika level selesai, misalnya kitchen atau storage."
bea5bc77d7383b047b5d4d5d26a06348,11400000,Fish Pond Building,Assets/Nature  Paradaise/Resources/Buildings/Fish Pond Building.asset,levels.Array.data[1].capacity,Capacity,8,Integer,0,,"Kapasitas generik, misalnya jumlah hewan atau slot storage."
bea5bc77d7383b047b5d4d5d26a06348,11400000,Fish Pond Building,Assets/Nature  Paradaise/Resources/Buildings/Fish Pond Building.asset,levels.Array.data[1].constructionDays,Construction Days,3,Integer,0,,Jumlah pergantian hari sebelum konstruksi selesai.
bea5bc77d7383b047b5d4d5d26a06348,11400000,Fish Pond Building,Assets/Nature  Paradaise/Resources/Buildings/Fish Pond Building.asset,levels.Array.data[1].goldCost,Gold Cost,1000,Integer,0,,Gold yang dibayar ketika level ini mulai dibangun.
bea5bc77d7383b047b5d4d5d26a06348,11400000,Fish Pond Building,Assets/Nature  Paradaise/Resources/Buildings/Fish Pond Building.asset,levels.Array.data[1].level,Level,2,Integer,1,,"Pengaturan Level pada data game. Nilai awal berasal dari asset, bukan contoh. Lihat Inspector untuk konteks entri."
bea5bc77d7383b047b5d4d5d26a06348,11400000,Fish Pond Building,Assets/Nature  Paradaise/Resources/Buildings/Fish Pond Building.asset,levels.Array.data[1].materialCosts.Array.data[0].amount,Amount,20,Integer,1,,Jumlah material yang dibutuhkan. Item: Wood.
bea5bc77d7383b047b5d4d5d26a06348,11400000,Fish Pond Building,Assets/Nature  Paradaise/Resources/Buildings/Fish Pond Building.asset,levels.Array.data[1].materialCosts.Array.data[1].amount,Amount,16,Integer,1,,Jumlah material yang dibutuhkan. Item: Stone.
bea5bc77d7383b047b5d4d5d26a06348,11400000,Fish Pond Building,Assets/Nature  Paradaise/Resources/Buildings/Fish Pond Building.asset,levels.Array.data[1].requiredVillageLevel,Required Village Level,0,Integer,0,,Village Level minimum sebelum level bangunan ini dapat dibeli.
bea5bc77d7383b047b5d4d5d26a06348,11400000,Fish Pond Building,Assets/Nature  Paradaise/Resources/Buildings/Fish Pond Building.asset,levels.Array.data[1].unlockIds.Array.data[0].Array.data[0],Element 0,102,Integer,,,"ID fitur yang dibuka ketika level selesai, misalnya kitchen atau storage."
bea5bc77d7383b047b5d4d5d26a06348,11400000,Fish Pond Building,Assets/Nature  Paradaise/Resources/Buildings/Fish Pond Building.asset,levels.Array.data[1].unlockIds.Array.data[0].Array.data[10],Element 10,108,Integer,,,"ID fitur yang dibuka ketika level selesai, misalnya kitchen atau storage."
bea5bc77d7383b047b5d4d5d26a06348,11400000,Fish Pond Building,Assets/Nature  Paradaise/Resources/Buildings/Fish Pond Building.asset,levels.Array.data[1].unlockIds.Array.data[0].Array.data[11],Element 11,101,Integer,,,"ID fitur yang dibuka ketika level selesai, misalnya kitchen atau storage."
bea5bc77d7383b047b5d4d5d26a06348,11400000,Fish Pond Building,Assets/Nature  Paradaise/Resources/Buildings/Fish Pond Building.asset,levels.Array.data[1].unlockIds.Array.data[0].Array.data[12],Element 12,118,Integer,,,"ID fitur yang dibuka ketika level selesai, misalnya kitchen atau storage."
bea5bc77d7383b047b5d4d5d26a06348,11400000,Fish Pond Building,Assets/Nature  Paradaise/Resources/Buildings/Fish Pond Building.asset,levels.Array.data[1].unlockIds.Array.data[0].Array.data[13],Element 13,101,Integer,,,"ID fitur yang dibuka ketika level selesai, misalnya kitchen atau storage."
bea5bc77d7383b047b5d4d5d26a06348,11400000,Fish Pond Building,Assets/Nature  Paradaise/Resources/Buildings/Fish Pond Building.asset,levels.Array.data[1].unlockIds.Array.data[0].Array.data[14],Element 14,108,Integer,,,"ID fitur yang dibuka ketika level selesai, misalnya kitchen atau storage."
bea5bc77d7383b047b5d4d5d26a06348,11400000,Fish Pond Building,Assets/Nature  Paradaise/Resources/Buildings/Fish Pond Building.asset,levels.Array.data[1].unlockIds.Array.data[0].Array.data[15],Element 15,45,Integer,,,"ID fitur yang dibuka ketika level selesai, misalnya kitchen atau storage."
bea5bc77d7383b047b5d4d5d26a06348,11400000,Fish Pond Building,Assets/Nature  Paradaise/Resources/Buildings/Fish Pond Building.asset,levels.Array.data[1].unlockIds.Array.data[0].Array.data[16],Element 16,50,Integer,,,"ID fitur yang dibuka ketika level selesai, misalnya kitchen atau storage."
bea5bc77d7383b047b5d4d5d26a06348,11400000,Fish Pond Building,Assets/Nature  Paradaise/Resources/Buildings/Fish Pond Building.asset,levels.Array.data[1].unlockIds.Array.data[0].Array.data[1],Element 1,105,Integer,,,"ID fitur yang dibuka ketika level selesai, misalnya kitchen atau storage."
bea5bc77d7383b047b5d4d5d26a06348,11400000,Fish Pond Building,Assets/Nature  Paradaise/Resources/Buildings/Fish Pond Building.asset,levels.Array.data[1].unlockIds.Array.data[0].Array.data[2],Element 2,115,Integer,,,"ID fitur yang dibuka ketika level selesai, misalnya kitchen atau storage."
bea5bc77d7383b047b5d4d5d26a06348,11400000,Fish Pond Building,Assets/Nature  Paradaise/Resources/Buildings/Fish Pond Building.asset,levels.Array.data[1].unlockIds.Array.data[0].Array.data[3],Element 3,104,Integer,,,"ID fitur yang dibuka ketika level selesai, misalnya kitchen atau storage."
bea5bc77d7383b047b5d4d5d26a06348,11400000,Fish Pond Building,Assets/Nature  Paradaise/Resources/Buildings/Fish Pond Building.asset,levels.Array.data[1].unlockIds.Array.data[0].Array.data[4],Element 4,45,Integer,,,"ID fitur yang dibuka ketika level selesai, misalnya kitchen atau storage."
bea5bc77d7383b047b5d4d5d26a06348,11400000,Fish Pond Building,Assets/Nature  Paradaise/Resources/Buildings/Fish Pond Building.asset,levels.Array.data[1].unlockIds.Array.data[0].Array.data[5],Element 5,112,Integer,,,"ID fitur yang dibuka ketika level selesai, misalnya kitchen atau storage."
bea5bc77d7383b047b5d4d5d26a06348,11400000,Fish Pond Building,Assets/Nature  Paradaise/Resources/Buildings/Fish Pond Building.asset,levels.Array.data[1].unlockIds.Array.data[0].Array.data[6],Element 6,111,Integer,,,"ID fitur yang dibuka ketika level selesai, misalnya kitchen atau storage."
bea5bc77d7383b047b5d4d5d26a06348,11400000,Fish Pond Building,Assets/Nature  Paradaise/Resources/Buildings/Fish Pond Building.asset,levels.Array.data[1].unlockIds.Array.data[0].Array.data[7],Element 7,110,Integer,,,"ID fitur yang dibuka ketika level selesai, misalnya kitchen atau storage."
bea5bc77d7383b047b5d4d5d26a06348,11400000,Fish Pond Building,Assets/Nature  Paradaise/Resources/Buildings/Fish Pond Building.asset,levels.Array.data[1].unlockIds.Array.data[0].Array.data[8],Element 8,100,Integer,,,"ID fitur yang dibuka ketika level selesai, misalnya kitchen atau storage."
bea5bc77d7383b047b5d4d5d26a06348,11400000,Fish Pond Building,Assets/Nature  Paradaise/Resources/Buildings/Fish Pond Building.asset,levels.Array.data[1].unlockIds.Array.data[0].Array.data[9],Element 9,46,Integer,,,"ID fitur yang dibuka ketika level selesai, misalnya kitchen atau storage."
bea5bc77d7383b047b5d4d5d26a06348,11400000,Fish Pond Building,Assets/Nature  Paradaise/Resources/Buildings/Fish Pond Building.asset,levels.Array.data[2].capacity,Capacity,12,Integer,0,,"Kapasitas generik, misalnya jumlah hewan atau slot storage."
bea5bc77d7383b047b5d4d5d26a06348,11400000,Fish Pond Building,Assets/Nature  Paradaise/Resources/Buildings/Fish Pond Building.asset,levels.Array.data[2].constructionDays,Construction Days,4,Integer,0,,Jumlah pergantian hari sebelum konstruksi selesai.
bea5bc77d7383b047b5d4d5d26a06348,11400000,Fish Pond Building,Assets/Nature  Paradaise/Resources/Buildings/Fish Pond Building.asset,levels.Array.data[2].goldCost,Gold Cost,1800,Integer,0,,Gold yang dibayar ketika level ini mulai dibangun.
bea5bc77d7383b047b5d4d5d26a06348,11400000,Fish Pond Building,Assets/Nature  Paradaise/Resources/Buildings/Fish Pond Building.asset,levels.Array.data[2].level,Level,3,Integer,1,,"Pengaturan Level pada data game. Nilai awal berasal dari asset, bukan contoh. Lihat Inspector untuk konteks entri."
bea5bc77d7383b047b5d4d5d26a06348,11400000,Fish Pond Building,Assets/Nature  Paradaise/Resources/Buildings/Fish Pond Building.asset,levels.Array.data[2].materialCosts.Array.data[0].amount,Amount,25,Integer,1,,Jumlah material yang dibutuhkan. Item: Wood.
bea5bc77d7383b047b5d4d5d26a06348,11400000,Fish Pond Building,Assets/Nature  Paradaise/Resources/Buildings/Fish Pond Building.asset,levels.Array.data[2].materialCosts.Array.data[1].amount,Amount,20,Integer,1,,Jumlah material yang dibutuhkan. Item: Stone.
bea5bc77d7383b047b5d4d5d26a06348,11400000,Fish Pond Building,Assets/Nature  Paradaise/Resources/Buildings/Fish Pond Building.asset,levels.Array.data[2].requiredVillageLevel,Required Village Level,0,Integer,0,,Village Level minimum sebelum level bangunan ini dapat dibeli.
bea5bc77d7383b047b5d4d5d26a06348,11400000,Fish Pond Building,Assets/Nature  Paradaise/Resources/Buildings/Fish Pond Building.asset,levels.Array.data[2].unlockIds.Array.data[0].Array.data[0],Element 0,102,Integer,,,"ID fitur yang dibuka ketika level selesai, misalnya kitchen atau storage."
bea5bc77d7383b047b5d4d5d26a06348,11400000,Fish Pond Building,Assets/Nature  Paradaise/Resources/Buildings/Fish Pond Building.asset,levels.Array.data[2].unlockIds.Array.data[0].Array.data[10],Element 10,108,Integer,,,"ID fitur yang dibuka ketika level selesai, misalnya kitchen atau storage."
bea5bc77d7383b047b5d4d5d26a06348,11400000,Fish Pond Building,Assets/Nature  Paradaise/Resources/Buildings/Fish Pond Building.asset,levels.Array.data[2].unlockIds.Array.data[0].Array.data[11],Element 11,101,Integer,,,"ID fitur yang dibuka ketika level selesai, misalnya kitchen atau storage."
bea5bc77d7383b047b5d4d5d26a06348,11400000,Fish Pond Building,Assets/Nature  Paradaise/Resources/Buildings/Fish Pond Building.asset,levels.Array.data[2].unlockIds.Array.data[0].Array.data[12],Element 12,118,Integer,,,"ID fitur yang dibuka ketika level selesai, misalnya kitchen atau storage."
bea5bc77d7383b047b5d4d5d26a06348,11400000,Fish Pond Building,Assets/Nature  Paradaise/Resources/Buildings/Fish Pond Building.asset,levels.Array.data[2].unlockIds.Array.data[0].Array.data[13],Element 13,101,Integer,,,"ID fitur yang dibuka ketika level selesai, misalnya kitchen atau storage."
bea5bc77d7383b047b5d4d5d26a06348,11400000,Fish Pond Building,Assets/Nature  Paradaise/Resources/Buildings/Fish Pond Building.asset,levels.Array.data[2].unlockIds.Array.data[0].Array.data[14],Element 14,108,Integer,,,"ID fitur yang dibuka ketika level selesai, misalnya kitchen atau storage."
bea5bc77d7383b047b5d4d5d26a06348,11400000,Fish Pond Building,Assets/Nature  Paradaise/Resources/Buildings/Fish Pond Building.asset,levels.Array.data[2].unlockIds.Array.data[0].Array.data[15],Element 15,45,Integer,,,"ID fitur yang dibuka ketika level selesai, misalnya kitchen atau storage."
bea5bc77d7383b047b5d4d5d26a06348,11400000,Fish Pond Building,Assets/Nature  Paradaise/Resources/Buildings/Fish Pond Building.asset,levels.Array.data[2].unlockIds.Array.data[0].Array.data[16],Element 16,51,Integer,,,"ID fitur yang dibuka ketika level selesai, misalnya kitchen atau storage."
bea5bc77d7383b047b5d4d5d26a06348,11400000,Fish Pond Building,Assets/Nature  Paradaise/Resources/Buildings/Fish Pond Building.asset,levels.Array.data[2].unlockIds.Array.data[0].Array.data[1],Element 1,105,Integer,,,"ID fitur yang dibuka ketika level selesai, misalnya kitchen atau storage."
bea5bc77d7383b047b5d4d5d26a06348,11400000,Fish Pond Building,Assets/Nature  Paradaise/Resources/Buildings/Fish Pond Building.asset,levels.Array.data[2].unlockIds.Array.data[0].Array.data[2],Element 2,115,Integer,,,"ID fitur yang dibuka ketika level selesai, misalnya kitchen atau storage."
bea5bc77d7383b047b5d4d5d26a06348,11400000,Fish Pond Building,Assets/Nature  Paradaise/Resources/Buildings/Fish Pond Building.asset,levels.Array.data[2].unlockIds.Array.data[0].Array.data[3],Element 3,104,Integer,,,"ID fitur yang dibuka ketika level selesai, misalnya kitchen atau storage."
bea5bc77d7383b047b5d4d5d26a06348,11400000,Fish Pond Building,Assets/Nature  Paradaise/Resources/Buildings/Fish Pond Building.asset,levels.Array.data[2].unlockIds.Array.data[0].Array.data[4],Element 4,45,Integer,,,"ID fitur yang dibuka ketika level selesai, misalnya kitchen atau storage."
bea5bc77d7383b047b5d4d5d26a06348,11400000,Fish Pond Building,Assets/Nature  Paradaise/Resources/Buildings/Fish Pond Building.asset,levels.Array.data[2].unlockIds.Array.data[0].Array.data[5],Element 5,112,Integer,,,"ID fitur yang dibuka ketika level selesai, misalnya kitchen atau storage."
bea5bc77d7383b047b5d4d5d26a06348,11400000,Fish Pond Building,Assets/Nature  Paradaise/Resources/Buildings/Fish Pond Building.asset,levels.Array.data[2].unlockIds.Array.data[0].Array.data[6],Element 6,111,Integer,,,"ID fitur yang dibuka ketika level selesai, misalnya kitchen atau storage."
bea5bc77d7383b047b5d4d5d26a06348,11400000,Fish Pond Building,Assets/Nature  Paradaise/Resources/Buildings/Fish Pond Building.asset,levels.Array.data[2].unlockIds.Array.data[0].Array.data[7],Element 7,110,Integer,,,"ID fitur yang dibuka ketika level selesai, misalnya kitchen atau storage."
bea5bc77d7383b047b5d4d5d26a06348,11400000,Fish Pond Building,Assets/Nature  Paradaise/Resources/Buildings/Fish Pond Building.asset,levels.Array.data[2].unlockIds.Array.data[0].Array.data[8],Element 8,100,Integer,,,"ID fitur yang dibuka ketika level selesai, misalnya kitchen atau storage."
bea5bc77d7383b047b5d4d5d26a06348,11400000,Fish Pond Building,Assets/Nature  Paradaise/Resources/Buildings/Fish Pond Building.asset,levels.Array.data[2].unlockIds.Array.data[0].Array.data[9],Element 9,46,Integer,,,"ID fitur yang dibuka ketika level selesai, misalnya kitchen atau storage."
bea5bc77d7383b047b5d4d5d26a06348,11400000,Fish Pond Building,Assets/Nature  Paradaise/Resources/Buildings/Fish Pond Building.asset,levels.Array.data[3].capacity,Capacity,16,Integer,0,,"Kapasitas generik, misalnya jumlah hewan atau slot storage."
bea5bc77d7383b047b5d4d5d26a06348,11400000,Fish Pond Building,Assets/Nature  Paradaise/Resources/Buildings/Fish Pond Building.asset,levels.Array.data[3].constructionDays,Construction Days,5,Integer,0,,Jumlah pergantian hari sebelum konstruksi selesai.
bea5bc77d7383b047b5d4d5d26a06348,11400000,Fish Pond Building,Assets/Nature  Paradaise/Resources/Buildings/Fish Pond Building.asset,levels.Array.data[3].goldCost,Gold Cost,3000,Integer,0,,Gold yang dibayar ketika level ini mulai dibangun.
bea5bc77d7383b047b5d4d5d26a06348,11400000,Fish Pond Building,Assets/Nature  Paradaise/Resources/Buildings/Fish Pond Building.asset,levels.Array.data[3].level,Level,4,Integer,1,,"Pengaturan Level pada data game. Nilai awal berasal dari asset, bukan contoh. Lihat Inspector untuk konteks entri."
bea5bc77d7383b047b5d4d5d26a06348,11400000,Fish Pond Building,Assets/Nature  Paradaise/Resources/Buildings/Fish Pond Building.asset,levels.Array.data[3].materialCosts.Array.data[0].amount,Amount,30,Integer,1,,Jumlah material yang dibutuhkan. Item: Wood.
bea5bc77d7383b047b5d4d5d26a06348,11400000,Fish Pond Building,Assets/Nature  Paradaise/Resources/Buildings/Fish Pond Building.asset,levels.Array.data[3].materialCosts.Array.data[1].amount,Amount,24,Integer,1,,Jumlah material yang dibutuhkan. Item: Stone.
bea5bc77d7383b047b5d4d5d26a06348,11400000,Fish Pond Building,Assets/Nature  Paradaise/Resources/Buildings/Fish Pond Building.asset,levels.Array.data[3].requiredVillageLevel,Required Village Level,0,Integer,0,,Village Level minimum sebelum level bangunan ini dapat dibeli.
bea5bc77d7383b047b5d4d5d26a06348,11400000,Fish Pond Building,Assets/Nature  Paradaise/Resources/Buildings/Fish Pond Building.asset,levels.Array.data[3].unlockIds.Array.data[0].Array.data[0],Element 0,102,Integer,,,"ID fitur yang dibuka ketika level selesai, misalnya kitchen atau storage."
bea5bc77d7383b047b5d4d5d26a06348,11400000,Fish Pond Building,Assets/Nature  Paradaise/Resources/Buildings/Fish Pond Building.asset,levels.Array.data[3].unlockIds.Array.data[0].Array.data[10],Element 10,108,Integer,,,"ID fitur yang dibuka ketika level selesai, misalnya kitchen atau storage."
bea5bc77d7383b047b5d4d5d26a06348,11400000,Fish Pond Building,Assets/Nature  Paradaise/Resources/Buildings/Fish Pond Building.asset,levels.Array.data[3].unlockIds.Array.data[0].Array.data[11],Element 11,101,Integer,,,"ID fitur yang dibuka ketika level selesai, misalnya kitchen atau storage."
bea5bc77d7383b047b5d4d5d26a06348,11400000,Fish Pond Building,Assets/Nature  Paradaise/Resources/Buildings/Fish Pond Building.asset,levels.Array.data[3].unlockIds.Array.data[0].Array.data[12],Element 12,118,Integer,,,"ID fitur yang dibuka ketika level selesai, misalnya kitchen atau storage."
bea5bc77d7383b047b5d4d5d26a06348,11400000,Fish Pond Building,Assets/Nature  Paradaise/Resources/Buildings/Fish Pond Building.asset,levels.Array.data[3].unlockIds.Array.data[0].Array.data[13],Element 13,101,Integer,,,"ID fitur yang dibuka ketika level selesai, misalnya kitchen atau storage."
bea5bc77d7383b047b5d4d5d26a06348,11400000,Fish Pond Building,Assets/Nature  Paradaise/Resources/Buildings/Fish Pond Building.asset,levels.Array.data[3].unlockIds.Array.data[0].Array.data[14],Element 14,108,Integer,,,"ID fitur yang dibuka ketika level selesai, misalnya kitchen atau storage."
bea5bc77d7383b047b5d4d5d26a06348,11400000,Fish Pond Building,Assets/Nature  Paradaise/Resources/Buildings/Fish Pond Building.asset,levels.Array.data[3].unlockIds.Array.data[0].Array.data[15],Element 15,45,Integer,,,"ID fitur yang dibuka ketika level selesai, misalnya kitchen atau storage."
bea5bc77d7383b047b5d4d5d26a06348,11400000,Fish Pond Building,Assets/Nature  Paradaise/Resources/Buildings/Fish Pond Building.asset,levels.Array.data[3].unlockIds.Array.data[0].Array.data[16],Element 16,52,Integer,,,"ID fitur yang dibuka ketika level selesai, misalnya kitchen atau storage."
bea5bc77d7383b047b5d4d5d26a06348,11400000,Fish Pond Building,Assets/Nature  Paradaise/Resources/Buildings/Fish Pond Building.asset,levels.Array.data[3].unlockIds.Array.data[0].Array.data[1],Element 1,105,Integer,,,"ID fitur yang dibuka ketika level selesai, misalnya kitchen atau storage."
bea5bc77d7383b047b5d4d5d26a06348,11400000,Fish Pond Building,Assets/Nature  Paradaise/Resources/Buildings/Fish Pond Building.asset,levels.Array.data[3].unlockIds.Array.data[0].Array.data[2],Element 2,115,Integer,,,"ID fitur yang dibuka ketika level selesai, misalnya kitchen atau storage."
bea5bc77d7383b047b5d4d5d26a06348,11400000,Fish Pond Building,Assets/Nature  Paradaise/Resources/Buildings/Fish Pond Building.asset,levels.Array.data[3].unlockIds.Array.data[0].Array.data[3],Element 3,104,Integer,,,"ID fitur yang dibuka ketika level selesai, misalnya kitchen atau storage."
bea5bc77d7383b047b5d4d5d26a06348,11400000,Fish Pond Building,Assets/Nature  Paradaise/Resources/Buildings/Fish Pond Building.asset,levels.Array.data[3].unlockIds.Array.data[0].Array.data[4],Element 4,45,Integer,,,"ID fitur yang dibuka ketika level selesai, misalnya kitchen atau storage."
bea5bc77d7383b047b5d4d5d26a06348,11400000,Fish Pond Building,Assets/Nature  Paradaise/Resources/Buildings/Fish Pond Building.asset,levels.Array.data[3].unlockIds.Array.data[0].Array.data[5],Element 5,112,Integer,,,"ID fitur yang dibuka ketika level selesai, misalnya kitchen atau storage."
bea5bc77d7383b047b5d4d5d26a06348,11400000,Fish Pond Building,Assets/Nature  Paradaise/Resources/Buildings/Fish Pond Building.asset,levels.Array.data[3].unlockIds.Array.data[0].Array.data[6],Element 6,111,Integer,,,"ID fitur yang dibuka ketika level selesai, misalnya kitchen atau storage."
bea5bc77d7383b047b5d4d5d26a06348,11400000,Fish Pond Building,Assets/Nature  Paradaise/Resources/Buildings/Fish Pond Building.asset,levels.Array.data[3].unlockIds.Array.data[0].Array.data[7],Element 7,110,Integer,,,"ID fitur yang dibuka ketika level selesai, misalnya kitchen atau storage."
bea5bc77d7383b047b5d4d5d26a06348,11400000,Fish Pond Building,Assets/Nature  Paradaise/Resources/Buildings/Fish Pond Building.asset,levels.Array.data[3].unlockIds.Array.data[0].Array.data[8],Element 8,100,Integer,,,"ID fitur yang dibuka ketika level selesai, misalnya kitchen atau storage."
bea5bc77d7383b047b5d4d5d26a06348,11400000,Fish Pond Building,Assets/Nature  Paradaise/Resources/Buildings/Fish Pond Building.asset,levels.Array.data[3].unlockIds.Array.data[0].Array.data[9],Element 9,46,Integer,,,"ID fitur yang dibuka ketika level selesai, misalnya kitchen atau storage."
c36e97a4fb5942b6a164d1f405b92331,11400000,Barn Building,Assets/Nature  Paradaise/Resources/Buildings/Barn Building.asset,canDemolish,Can Demolish,TRUE,Boolean,,,"Pengaturan Can Demolish pada data game. Nilai awal berasal dari asset, bukan contoh. Lihat Inspector untuk konteks entri."
c36e97a4fb5942b6a164d1f405b92331,11400000,Barn Building,Assets/Nature  Paradaise/Resources/Buildings/Barn Building.asset,canRelocate,Can Relocate,TRUE,Boolean,,,"Pengaturan Can Relocate pada data game. Nilai awal berasal dari asset, bukan contoh. Lihat Inspector untuk konteks entri."
c36e97a4fb5942b6a164d1f405b92331,11400000,Barn Building,Assets/Nature  Paradaise/Resources/Buildings/Barn Building.asset,defaultPlacementYaw,Default Placement Yaw,0,Float,-180,180,Arah awal bangunan pada sumbu Y. Preview tidak mengambil arah hadap player; gunakan T untuk memutarnya.
c36e97a4fb5942b6a164d1f405b92331,11400000,Barn Building,Assets/Nature  Paradaise/Resources/Buildings/Barn Building.asset,footprintDepth,Footprint Depth,14,Integer,1,,Kedalaman area grid yang harus kosong ketika bangunan ditempatkan.
c36e97a4fb5942b6a164d1f405b92331,11400000,Barn Building,Assets/Nature  Paradaise/Resources/Buildings/Barn Building.asset,footprintWidth,Footprint Width,12,Integer,1,,Lebar area grid yang harus kosong ketika bangunan ditempatkan.
c36e97a4fb5942b6a164d1f405b92331,11400000,Barn Building,Assets/Nature  Paradaise/Resources/Buildings/Barn Building.asset,levels.Array.data[0].capacity,Capacity,4,Integer,0,,"Kapasitas generik, misalnya jumlah hewan atau slot storage."
c36e97a4fb5942b6a164d1f405b92331,11400000,Barn Building,Assets/Nature  Paradaise/Resources/Buildings/Barn Building.asset,levels.Array.data[0].constructionDays,Construction Days,2,Integer,0,,Jumlah pergantian hari sebelum konstruksi selesai.
c36e97a4fb5942b6a164d1f405b92331,11400000,Barn Building,Assets/Nature  Paradaise/Resources/Buildings/Barn Building.asset,levels.Array.data[0].goldCost,Gold Cost,30,Integer,0,,Gold yang dibayar ketika level ini mulai dibangun.
c36e97a4fb5942b6a164d1f405b92331,11400000,Barn Building,Assets/Nature  Paradaise/Resources/Buildings/Barn Building.asset,levels.Array.data[0].level,Level,1,Integer,1,,"Pengaturan Level pada data game. Nilai awal berasal dari asset, bukan contoh. Lihat Inspector untuk konteks entri."
c36e97a4fb5942b6a164d1f405b92331,11400000,Barn Building,Assets/Nature  Paradaise/Resources/Buildings/Barn Building.asset,levels.Array.data[0].materialCosts.Array.data[0].amount,Amount,4,Integer,1,,Jumlah material yang dibutuhkan. Item: Wood.
c36e97a4fb5942b6a164d1f405b92331,11400000,Barn Building,Assets/Nature  Paradaise/Resources/Buildings/Barn Building.asset,levels.Array.data[0].materialCosts.Array.data[1].amount,Amount,2,Integer,1,,Jumlah material yang dibutuhkan. Item: Stone.
c36e97a4fb5942b6a164d1f405b92331,11400000,Barn Building,Assets/Nature  Paradaise/Resources/Buildings/Barn Building.asset,levels.Array.data[0].requiredVillageLevel,Required Village Level,0,Integer,0,,Village Level minimum sebelum level bangunan ini dapat dibeli.
c36e97a4fb5942b6a164d1f405b92331,11400000,Barn Building,Assets/Nature  Paradaise/Resources/Buildings/Barn Building.asset,levels.Array.data[0].unlockIds.Array.data[0].Array.data[0],Element 0,97,Integer,,,"ID fitur yang dibuka ketika level selesai, misalnya kitchen atau storage."
c36e97a4fb5942b6a164d1f405b92331,11400000,Barn Building,Assets/Nature  Paradaise/Resources/Buildings/Barn Building.asset,levels.Array.data[0].unlockIds.Array.data[0].Array.data[10],Element 10,110,Integer,,,"ID fitur yang dibuka ketika level selesai, misalnya kitchen atau storage."
c36e97a4fb5942b6a164d1f405b92331,11400000,Barn Building,Assets/Nature  Paradaise/Resources/Buildings/Barn Building.asset,levels.Array.data[0].unlockIds.Array.data[0].Array.data[11],Element 11,46,Integer,,,"ID fitur yang dibuka ketika level selesai, misalnya kitchen atau storage."
c36e97a4fb5942b6a164d1f405b92331,11400000,Barn Building,Assets/Nature  Paradaise/Resources/Buildings/Barn Building.asset,levels.Array.data[0].unlockIds.Array.data[0].Array.data[12],Element 12,98,Integer,,,"ID fitur yang dibuka ketika level selesai, misalnya kitchen atau storage."
c36e97a4fb5942b6a164d1f405b92331,11400000,Barn Building,Assets/Nature  Paradaise/Resources/Buildings/Barn Building.asset,levels.Array.data[0].unlockIds.Array.data[0].Array.data[13],Element 13,97,Integer,,,"ID fitur yang dibuka ketika level selesai, misalnya kitchen atau storage."
c36e97a4fb5942b6a164d1f405b92331,11400000,Barn Building,Assets/Nature  Paradaise/Resources/Buildings/Barn Building.asset,levels.Array.data[0].unlockIds.Array.data[0].Array.data[14],Element 14,115,Integer,,,"ID fitur yang dibuka ketika level selesai, misalnya kitchen atau storage."
c36e97a4fb5942b6a164d1f405b92331,11400000,Barn Building,Assets/Nature  Paradaise/Resources/Buildings/Barn Building.asset,levels.Array.data[0].unlockIds.Array.data[0].Array.data[15],Element 15,105,Integer,,,"ID fitur yang dibuka ketika level selesai, misalnya kitchen atau storage."
c36e97a4fb5942b6a164d1f405b92331,11400000,Barn Building,Assets/Nature  Paradaise/Resources/Buildings/Barn Building.asset,levels.Array.data[0].unlockIds.Array.data[0].Array.data[16],Element 16,99,Integer,,,"ID fitur yang dibuka ketika level selesai, misalnya kitchen atau storage."
c36e97a4fb5942b6a164d1f405b92331,11400000,Barn Building,Assets/Nature  Paradaise/Resources/Buildings/Barn Building.asset,levels.Array.data[0].unlockIds.Array.data[0].Array.data[1],Element 1,110,Integer,,,"ID fitur yang dibuka ketika level selesai, misalnya kitchen atau storage."
c36e97a4fb5942b6a164d1f405b92331,11400000,Barn Building,Assets/Nature  Paradaise/Resources/Buildings/Barn Building.asset,levels.Array.data[0].unlockIds.Array.data[0].Array.data[2],Element 2,105,Integer,,,"ID fitur yang dibuka ketika level selesai, misalnya kitchen atau storage."
c36e97a4fb5942b6a164d1f405b92331,11400000,Barn Building,Assets/Nature  Paradaise/Resources/Buildings/Barn Building.asset,levels.Array.data[0].unlockIds.Array.data[0].Array.data[3],Element 3,109,Integer,,,"ID fitur yang dibuka ketika level selesai, misalnya kitchen atau storage."
c36e97a4fb5942b6a164d1f405b92331,11400000,Barn Building,Assets/Nature  Paradaise/Resources/Buildings/Barn Building.asset,levels.Array.data[0].unlockIds.Array.data[0].Array.data[4],Element 4,97,Integer,,,"ID fitur yang dibuka ketika level selesai, misalnya kitchen atau storage."
c36e97a4fb5942b6a164d1f405b92331,11400000,Barn Building,Assets/Nature  Paradaise/Resources/Buildings/Barn Building.asset,levels.Array.data[0].unlockIds.Array.data[0].Array.data[5],Element 5,108,Integer,,,"ID fitur yang dibuka ketika level selesai, misalnya kitchen atau storage."
c36e97a4fb5942b6a164d1f405b92331,11400000,Barn Building,Assets/Nature  Paradaise/Resources/Buildings/Barn Building.asset,levels.Array.data[0].unlockIds.Array.data[0].Array.data[6],Element 6,46,Integer,,,"ID fitur yang dibuka ketika level selesai, misalnya kitchen atau storage."
c36e97a4fb5942b6a164d1f405b92331,11400000,Barn Building,Assets/Nature  Paradaise/Resources/Buildings/Barn Building.asset,levels.Array.data[0].unlockIds.Array.data[0].Array.data[7],Element 7,98,Integer,,,"ID fitur yang dibuka ketika level selesai, misalnya kitchen atau storage."
c36e97a4fb5942b6a164d1f405b92331,11400000,Barn Building,Assets/Nature  Paradaise/Resources/Buildings/Barn Building.asset,levels.Array.data[0].unlockIds.Array.data[0].Array.data[8],Element 8,97,Integer,,,"ID fitur yang dibuka ketika level selesai, misalnya kitchen atau storage."
c36e97a4fb5942b6a164d1f405b92331,11400000,Barn Building,Assets/Nature  Paradaise/Resources/Buildings/Barn Building.asset,levels.Array.data[0].unlockIds.Array.data[0].Array.data[9],Element 9,114,Integer,,,"ID fitur yang dibuka ketika level selesai, misalnya kitchen atau storage."
c36e97a4fb5942b6a164d1f405b92331,11400000,Barn Building,Assets/Nature  Paradaise/Resources/Buildings/Barn Building.asset,levels.Array.data[1].capacity,Capacity,8,Integer,0,,"Kapasitas generik, misalnya jumlah hewan atau slot storage."
c36e97a4fb5942b6a164d1f405b92331,11400000,Barn Building,Assets/Nature  Paradaise/Resources/Buildings/Barn Building.asset,levels.Array.data[1].constructionDays,Construction Days,3,Integer,0,,Jumlah pergantian hari sebelum konstruksi selesai.
c36e97a4fb5942b6a164d1f405b92331,11400000,Barn Building,Assets/Nature  Paradaise/Resources/Buildings/Barn Building.asset,levels.Array.data[1].goldCost,Gold Cost,55,Integer,0,,Gold yang dibayar ketika level ini mulai dibangun.
c36e97a4fb5942b6a164d1f405b92331,11400000,Barn Building,Assets/Nature  Paradaise/Resources/Buildings/Barn Building.asset,levels.Array.data[1].level,Level,2,Integer,1,,"Pengaturan Level pada data game. Nilai awal berasal dari asset, bukan contoh. Lihat Inspector untuk konteks entri."
c36e97a4fb5942b6a164d1f405b92331,11400000,Barn Building,Assets/Nature  Paradaise/Resources/Buildings/Barn Building.asset,levels.Array.data[1].materialCosts.Array.data[0].amount,Amount,7,Integer,1,,Jumlah material yang dibutuhkan. Item: Wood.
c36e97a4fb5942b6a164d1f405b92331,11400000,Barn Building,Assets/Nature  Paradaise/Resources/Buildings/Barn Building.asset,levels.Array.data[1].materialCosts.Array.data[1].amount,Amount,4,Integer,1,,Jumlah material yang dibutuhkan. Item: Stone.
c36e97a4fb5942b6a164d1f405b92331,11400000,Barn Building,Assets/Nature  Paradaise/Resources/Buildings/Barn Building.asset,levels.Array.data[1].requiredVillageLevel,Required Village Level,0,Integer,0,,Village Level minimum sebelum level bangunan ini dapat dibeli.
c36e97a4fb5942b6a164d1f405b92331,11400000,Barn Building,Assets/Nature  Paradaise/Resources/Buildings/Barn Building.asset,levels.Array.data[1].unlockIds.Array.data[0].Array.data[0],Element 0,97,Integer,,,"ID fitur yang dibuka ketika level selesai, misalnya kitchen atau storage."
c36e97a4fb5942b6a164d1f405b92331,11400000,Barn Building,Assets/Nature  Paradaise/Resources/Buildings/Barn Building.asset,levels.Array.data[1].unlockIds.Array.data[0].Array.data[10],Element 10,110,Integer,,,"ID fitur yang dibuka ketika level selesai, misalnya kitchen atau storage."
c36e97a4fb5942b6a164d1f405b92331,11400000,Barn Building,Assets/Nature  Paradaise/Resources/Buildings/Barn Building.asset,levels.Array.data[1].unlockIds.Array.data[0].Array.data[11],Element 11,46,Integer,,,"ID fitur yang dibuka ketika level selesai, misalnya kitchen atau storage."
c36e97a4fb5942b6a164d1f405b92331,11400000,Barn Building,Assets/Nature  Paradaise/Resources/Buildings/Barn Building.asset,levels.Array.data[1].unlockIds.Array.data[0].Array.data[12],Element 12,101,Integer,,,"ID fitur yang dibuka ketika level selesai, misalnya kitchen atau storage."
c36e97a4fb5942b6a164d1f405b92331,11400000,Barn Building,Assets/Nature  Paradaise/Resources/Buildings/Barn Building.asset,levels.Array.data[1].unlockIds.Array.data[0].Array.data[13],Element 13,120,Integer,,,"ID fitur yang dibuka ketika level selesai, misalnya kitchen atau storage."
c36e97a4fb5942b6a164d1f405b92331,11400000,Barn Building,Assets/Nature  Paradaise/Resources/Buildings/Barn Building.asset,levels.Array.data[1].unlockIds.Array.data[0].Array.data[14],Element 14,112,Integer,,,"ID fitur yang dibuka ketika level selesai, misalnya kitchen atau storage."
c36e97a4fb5942b6a164d1f405b92331,11400000,Barn Building,Assets/Nature  Paradaise/Resources/Buildings/Barn Building.asset,levels.Array.data[1].unlockIds.Array.data[0].Array.data[15],Element 15,97,Integer,,,"ID fitur yang dibuka ketika level selesai, misalnya kitchen atau storage."
c36e97a4fb5942b6a164d1f405b92331,11400000,Barn Building,Assets/Nature  Paradaise/Resources/Buildings/Barn Building.asset,levels.Array.data[1].unlockIds.Array.data[0].Array.data[16],Element 16,110,Integer,,,"ID fitur yang dibuka ketika level selesai, misalnya kitchen atau storage."
c36e97a4fb5942b6a164d1f405b92331,11400000,Barn Building,Assets/Nature  Paradaise/Resources/Buildings/Barn Building.asset,levels.Array.data[1].unlockIds.Array.data[0].Array.data[17],Element 17,100,Integer,,,"ID fitur yang dibuka ketika level selesai, misalnya kitchen atau storage."
c36e97a4fb5942b6a164d1f405b92331,11400000,Barn Building,Assets/Nature  Paradaise/Resources/Buildings/Barn Building.asset,levels.Array.data[1].unlockIds.Array.data[0].Array.data[18],Element 18,101,Integer,,,"ID fitur yang dibuka ketika level selesai, misalnya kitchen atau storage."
c36e97a4fb5942b6a164d1f405b92331,11400000,Barn Building,Assets/Nature  Paradaise/Resources/Buildings/Barn Building.asset,levels.Array.data[1].unlockIds.Array.data[0].Array.data[19],Element 19,100,Integer,,,"ID fitur yang dibuka ketika level selesai, misalnya kitchen atau storage."
c36e97a4fb5942b6a164d1f405b92331,11400000,Barn Building,Assets/Nature  Paradaise/Resources/Buildings/Barn Building.asset,levels.Array.data[1].unlockIds.Array.data[0].Array.data[1],Element 1,110,Integer,,,"ID fitur yang dibuka ketika level selesai, misalnya kitchen atau storage."
c36e97a4fb5942b6a164d1f405b92331,11400000,Barn Building,Assets/Nature  Paradaise/Resources/Buildings/Barn Building.asset,levels.Array.data[1].unlockIds.Array.data[0].Array.data[2],Element 2,105,Integer,,,"ID fitur yang dibuka ketika level selesai, misalnya kitchen atau storage."
c36e97a4fb5942b6a164d1f405b92331,11400000,Barn Building,Assets/Nature  Paradaise/Resources/Buildings/Barn Building.asset,levels.Array.data[1].unlockIds.Array.data[0].Array.data[3],Element 3,109,Integer,,,"ID fitur yang dibuka ketika level selesai, misalnya kitchen atau storage."
c36e97a4fb5942b6a164d1f405b92331,11400000,Barn Building,Assets/Nature  Paradaise/Resources/Buildings/Barn Building.asset,levels.Array.data[1].unlockIds.Array.data[0].Array.data[4],Element 4,97,Integer,,,"ID fitur yang dibuka ketika level selesai, misalnya kitchen atau storage."
c36e97a4fb5942b6a164d1f405b92331,11400000,Barn Building,Assets/Nature  Paradaise/Resources/Buildings/Barn Building.asset,levels.Array.data[1].unlockIds.Array.data[0].Array.data[5],Element 5,108,Integer,,,"ID fitur yang dibuka ketika level selesai, misalnya kitchen atau storage."
c36e97a4fb5942b6a164d1f405b92331,11400000,Barn Building,Assets/Nature  Paradaise/Resources/Buildings/Barn Building.asset,levels.Array.data[1].unlockIds.Array.data[0].Array.data[6],Element 6,46,Integer,,,"ID fitur yang dibuka ketika level selesai, misalnya kitchen atau storage."
c36e97a4fb5942b6a164d1f405b92331,11400000,Barn Building,Assets/Nature  Paradaise/Resources/Buildings/Barn Building.asset,levels.Array.data[1].unlockIds.Array.data[0].Array.data[7],Element 7,98,Integer,,,"ID fitur yang dibuka ketika level selesai, misalnya kitchen atau storage."
c36e97a4fb5942b6a164d1f405b92331,11400000,Barn Building,Assets/Nature  Paradaise/Resources/Buildings/Barn Building.asset,levels.Array.data[1].unlockIds.Array.data[0].Array.data[8],Element 8,97,Integer,,,"ID fitur yang dibuka ketika level selesai, misalnya kitchen atau storage."
c36e97a4fb5942b6a164d1f405b92331,11400000,Barn Building,Assets/Nature  Paradaise/Resources/Buildings/Barn Building.asset,levels.Array.data[1].unlockIds.Array.data[0].Array.data[9],Element 9,114,Integer,,,"ID fitur yang dibuka ketika level selesai, misalnya kitchen atau storage."
c36e97a4fb5942b6a164d1f405b92331,11400000,Barn Building,Assets/Nature  Paradaise/Resources/Buildings/Barn Building.asset,levels.Array.data[2].capacity,Capacity,14,Integer,0,,"Kapasitas generik, misalnya jumlah hewan atau slot storage."
c36e97a4fb5942b6a164d1f405b92331,11400000,Barn Building,Assets/Nature  Paradaise/Resources/Buildings/Barn Building.asset,levels.Array.data[2].constructionDays,Construction Days,4,Integer,0,,Jumlah pergantian hari sebelum konstruksi selesai.
c36e97a4fb5942b6a164d1f405b92331,11400000,Barn Building,Assets/Nature  Paradaise/Resources/Buildings/Barn Building.asset,levels.Array.data[2].goldCost,Gold Cost,85,Integer,0,,Gold yang dibayar ketika level ini mulai dibangun.
c36e97a4fb5942b6a164d1f405b92331,11400000,Barn Building,Assets/Nature  Paradaise/Resources/Buildings/Barn Building.asset,levels.Array.data[2].level,Level,3,Integer,1,,"Pengaturan Level pada data game. Nilai awal berasal dari asset, bukan contoh. Lihat Inspector untuk konteks entri."
c36e97a4fb5942b6a164d1f405b92331,11400000,Barn Building,Assets/Nature  Paradaise/Resources/Buildings/Barn Building.asset,levels.Array.data[2].materialCosts.Array.data[0].amount,Amount,20,Integer,1,,Jumlah material yang dibutuhkan. Item: Wood.
c36e97a4fb5942b6a164d1f405b92331,11400000,Barn Building,Assets/Nature  Paradaise/Resources/Buildings/Barn Building.asset,levels.Array.data[2].materialCosts.Array.data[1].amount,Amount,11,Integer,1,,Jumlah material yang dibutuhkan. Item: Stone.
c36e97a4fb5942b6a164d1f405b92331,11400000,Barn Building,Assets/Nature  Paradaise/Resources/Buildings/Barn Building.asset,levels.Array.data[2].requiredVillageLevel,Required Village Level,0,Integer,0,,Village Level minimum sebelum level bangunan ini dapat dibeli.
c36e97a4fb5942b6a164d1f405b92331,11400000,Barn Building,Assets/Nature  Paradaise/Resources/Buildings/Barn Building.asset,levels.Array.data[2].unlockIds.Array.data[0].Array.data[0],Element 0,97,Integer,,,"ID fitur yang dibuka ketika level selesai, misalnya kitchen atau storage."
c36e97a4fb5942b6a164d1f405b92331,11400000,Barn Building,Assets/Nature  Paradaise/Resources/Buildings/Barn Building.asset,levels.Array.data[2].unlockIds.Array.data[0].Array.data[10],Element 10,110,Integer,,,"ID fitur yang dibuka ketika level selesai, misalnya kitchen atau storage."
c36e97a4fb5942b6a164d1f405b92331,11400000,Barn Building,Assets/Nature  Paradaise/Resources/Buildings/Barn Building.asset,levels.Array.data[2].unlockIds.Array.data[0].Array.data[11],Element 11,46,Integer,,,"ID fitur yang dibuka ketika level selesai, misalnya kitchen atau storage."
c36e97a4fb5942b6a164d1f405b92331,11400000,Barn Building,Assets/Nature  Paradaise/Resources/Buildings/Barn Building.asset,levels.Array.data[2].unlockIds.Array.data[0].Array.data[12],Element 12,108,Integer,,,"ID fitur yang dibuka ketika level selesai, misalnya kitchen atau storage."
c36e97a4fb5942b6a164d1f405b92331,11400000,Barn Building,Assets/Nature  Paradaise/Resources/Buildings/Barn Building.asset,levels.Array.data[2].unlockIds.Array.data[0].Array.data[13],Element 13,101,Integer,,,"ID fitur yang dibuka ketika level selesai, misalnya kitchen atau storage."
c36e97a4fb5942b6a164d1f405b92331,11400000,Barn Building,Assets/Nature  Paradaise/Resources/Buildings/Barn Building.asset,levels.Array.data[2].unlockIds.Array.data[0].Array.data[14],Element 14,118,Integer,,,"ID fitur yang dibuka ketika level selesai, misalnya kitchen atau storage."
c36e97a4fb5942b6a164d1f405b92331,11400000,Barn Building,Assets/Nature  Paradaise/Resources/Buildings/Barn Building.asset,levels.Array.data[2].unlockIds.Array.data[0].Array.data[15],Element 15,101,Integer,,,"ID fitur yang dibuka ketika level selesai, misalnya kitchen atau storage."
c36e97a4fb5942b6a164d1f405b92331,11400000,Barn Building,Assets/Nature  Paradaise/Resources/Buildings/Barn Building.asset,levels.Array.data[2].unlockIds.Array.data[0].Array.data[16],Element 16,108,Integer,,,"ID fitur yang dibuka ketika level selesai, misalnya kitchen atau storage."
c36e97a4fb5942b6a164d1f405b92331,11400000,Barn Building,Assets/Nature  Paradaise/Resources/Buildings/Barn Building.asset,levels.Array.data[2].unlockIds.Array.data[0].Array.data[17],Element 17,51,Integer,,,"ID fitur yang dibuka ketika level selesai, misalnya kitchen atau storage."
c36e97a4fb5942b6a164d1f405b92331,11400000,Barn Building,Assets/Nature  Paradaise/Resources/Buildings/Barn Building.asset,levels.Array.data[2].unlockIds.Array.data[0].Array.data[1],Element 1,110,Integer,,,"ID fitur yang dibuka ketika level selesai, misalnya kitchen atau storage."
c36e97a4fb5942b6a164d1f405b92331,11400000,Barn Building,Assets/Nature  Paradaise/Resources/Buildings/Barn Building.asset,levels.Array.data[2].unlockIds.Array.data[0].Array.data[2],Element 2,105,Integer,,,"ID fitur yang dibuka ketika level selesai, misalnya kitchen atau storage."
c36e97a4fb5942b6a164d1f405b92331,11400000,Barn Building,Assets/Nature  Paradaise/Resources/Buildings/Barn Building.asset,levels.Array.data[2].unlockIds.Array.data[0].Array.data[3],Element 3,109,Integer,,,"ID fitur yang dibuka ketika level selesai, misalnya kitchen atau storage."
c36e97a4fb5942b6a164d1f405b92331,11400000,Barn Building,Assets/Nature  Paradaise/Resources/Buildings/Barn Building.asset,levels.Array.data[2].unlockIds.Array.data[0].Array.data[4],Element 4,97,Integer,,,"ID fitur yang dibuka ketika level selesai, misalnya kitchen atau storage."
c36e97a4fb5942b6a164d1f405b92331,11400000,Barn Building,Assets/Nature  Paradaise/Resources/Buildings/Barn Building.asset,levels.Array.data[2].unlockIds.Array.data[0].Array.data[5],Element 5,108,Integer,,,"ID fitur yang dibuka ketika level selesai, misalnya kitchen atau storage."
c36e97a4fb5942b6a164d1f405b92331,11400000,Barn Building,Assets/Nature  Paradaise/Resources/Buildings/Barn Building.asset,levels.Array.data[2].unlockIds.Array.data[0].Array.data[6],Element 6,46,Integer,,,"ID fitur yang dibuka ketika level selesai, misalnya kitchen atau storage."
c36e97a4fb5942b6a164d1f405b92331,11400000,Barn Building,Assets/Nature  Paradaise/Resources/Buildings/Barn Building.asset,levels.Array.data[2].unlockIds.Array.data[0].Array.data[7],Element 7,98,Integer,,,"ID fitur yang dibuka ketika level selesai, misalnya kitchen atau storage."
c36e97a4fb5942b6a164d1f405b92331,11400000,Barn Building,Assets/Nature  Paradaise/Resources/Buildings/Barn Building.asset,levels.Array.data[2].unlockIds.Array.data[0].Array.data[8],Element 8,97,Integer,,,"ID fitur yang dibuka ketika level selesai, misalnya kitchen atau storage."
c36e97a4fb5942b6a164d1f405b92331,11400000,Barn Building,Assets/Nature  Paradaise/Resources/Buildings/Barn Building.asset,levels.Array.data[2].unlockIds.Array.data[0].Array.data[9],Element 9,114,Integer,,,"ID fitur yang dibuka ketika level selesai, misalnya kitchen atau storage."
c36e97a4fb5942b6a164d1f405b92331,11400000,Barn Building,Assets/Nature  Paradaise/Resources/Buildings/Barn Building.asset,levels.Array.data[3].capacity,Capacity,20,Integer,0,,"Kapasitas generik, misalnya jumlah hewan atau slot storage."
c36e97a4fb5942b6a164d1f405b92331,11400000,Barn Building,Assets/Nature  Paradaise/Resources/Buildings/Barn Building.asset,levels.Array.data[3].constructionDays,Construction Days,5,Integer,0,,Jumlah pergantian hari sebelum konstruksi selesai.
c36e97a4fb5942b6a164d1f405b92331,11400000,Barn Building,Assets/Nature  Paradaise/Resources/Buildings/Barn Building.asset,levels.Array.data[3].goldCost,Gold Cost,130,Integer,0,,Gold yang dibayar ketika level ini mulai dibangun.
c36e97a4fb5942b6a164d1f405b92331,11400000,Barn Building,Assets/Nature  Paradaise/Resources/Buildings/Barn Building.asset,levels.Array.data[3].level,Level,4,Integer,1,,"Pengaturan Level pada data game. Nilai awal berasal dari asset, bukan contoh. Lihat Inspector untuk konteks entri."
c36e97a4fb5942b6a164d1f405b92331,11400000,Barn Building,Assets/Nature  Paradaise/Resources/Buildings/Barn Building.asset,levels.Array.data[3].materialCosts.Array.data[0].amount,Amount,25,Integer,1,,Jumlah material yang dibutuhkan. Item: Wood.
c36e97a4fb5942b6a164d1f405b92331,11400000,Barn Building,Assets/Nature  Paradaise/Resources/Buildings/Barn Building.asset,levels.Array.data[3].materialCosts.Array.data[1].amount,Amount,14,Integer,1,,Jumlah material yang dibutuhkan. Item: Stone.
c36e97a4fb5942b6a164d1f405b92331,11400000,Barn Building,Assets/Nature  Paradaise/Resources/Buildings/Barn Building.asset,levels.Array.data[3].requiredVillageLevel,Required Village Level,0,Integer,0,,Village Level minimum sebelum level bangunan ini dapat dibeli.
c36e97a4fb5942b6a164d1f405b92331,11400000,Barn Building,Assets/Nature  Paradaise/Resources/Buildings/Barn Building.asset,levels.Array.data[3].unlockIds.Array.data[0].Array.data[0],Element 0,97,Integer,,,"ID fitur yang dibuka ketika level selesai, misalnya kitchen atau storage."
c36e97a4fb5942b6a164d1f405b92331,11400000,Barn Building,Assets/Nature  Paradaise/Resources/Buildings/Barn Building.asset,levels.Array.data[3].unlockIds.Array.data[0].Array.data[10],Element 10,110,Integer,,,"ID fitur yang dibuka ketika level selesai, misalnya kitchen atau storage."
c36e97a4fb5942b6a164d1f405b92331,11400000,Barn Building,Assets/Nature  Paradaise/Resources/Buildings/Barn Building.asset,levels.Array.data[3].unlockIds.Array.data[0].Array.data[11],Element 11,46,Integer,,,"ID fitur yang dibuka ketika level selesai, misalnya kitchen atau storage."
c36e97a4fb5942b6a164d1f405b92331,11400000,Barn Building,Assets/Nature  Paradaise/Resources/Buildings/Barn Building.asset,levels.Array.data[3].unlockIds.Array.data[0].Array.data[12],Element 12,108,Integer,,,"ID fitur yang dibuka ketika level selesai, misalnya kitchen atau storage."
c36e97a4fb5942b6a164d1f405b92331,11400000,Barn Building,Assets/Nature  Paradaise/Resources/Buildings/Barn Building.asset,levels.Array.data[3].unlockIds.Array.data[0].Array.data[13],Element 13,101,Integer,,,"ID fitur yang dibuka ketika level selesai, misalnya kitchen atau storage."
c36e97a4fb5942b6a164d1f405b92331,11400000,Barn Building,Assets/Nature  Paradaise/Resources/Buildings/Barn Building.asset,levels.Array.data[3].unlockIds.Array.data[0].Array.data[14],Element 14,118,Integer,,,"ID fitur yang dibuka ketika level selesai, misalnya kitchen atau storage."
c36e97a4fb5942b6a164d1f405b92331,11400000,Barn Building,Assets/Nature  Paradaise/Resources/Buildings/Barn Building.asset,levels.Array.data[3].unlockIds.Array.data[0].Array.data[15],Element 15,101,Integer,,,"ID fitur yang dibuka ketika level selesai, misalnya kitchen atau storage."
c36e97a4fb5942b6a164d1f405b92331,11400000,Barn Building,Assets/Nature  Paradaise/Resources/Buildings/Barn Building.asset,levels.Array.data[3].unlockIds.Array.data[0].Array.data[16],Element 16,108,Integer,,,"ID fitur yang dibuka ketika level selesai, misalnya kitchen atau storage."
c36e97a4fb5942b6a164d1f405b92331,11400000,Barn Building,Assets/Nature  Paradaise/Resources/Buildings/Barn Building.asset,levels.Array.data[3].unlockIds.Array.data[0].Array.data[17],Element 17,52,Integer,,,"ID fitur yang dibuka ketika level selesai, misalnya kitchen atau storage."
c36e97a4fb5942b6a164d1f405b92331,11400000,Barn Building,Assets/Nature  Paradaise/Resources/Buildings/Barn Building.asset,levels.Array.data[3].unlockIds.Array.data[0].Array.data[1],Element 1,110,Integer,,,"ID fitur yang dibuka ketika level selesai, misalnya kitchen atau storage."
c36e97a4fb5942b6a164d1f405b92331,11400000,Barn Building,Assets/Nature  Paradaise/Resources/Buildings/Barn Building.asset,levels.Array.data[3].unlockIds.Array.data[0].Array.data[2],Element 2,105,Integer,,,"ID fitur yang dibuka ketika level selesai, misalnya kitchen atau storage."
c36e97a4fb5942b6a164d1f405b92331,11400000,Barn Building,Assets/Nature  Paradaise/Resources/Buildings/Barn Building.asset,levels.Array.data[3].unlockIds.Array.data[0].Array.data[3],Element 3,109,Integer,,,"ID fitur yang dibuka ketika level selesai, misalnya kitchen atau storage."
c36e97a4fb5942b6a164d1f405b92331,11400000,Barn Building,Assets/Nature  Paradaise/Resources/Buildings/Barn Building.asset,levels.Array.data[3].unlockIds.Array.data[0].Array.data[4],Element 4,97,Integer,,,"ID fitur yang dibuka ketika level selesai, misalnya kitchen atau storage."
c36e97a4fb5942b6a164d1f405b92331,11400000,Barn Building,Assets/Nature  Paradaise/Resources/Buildings/Barn Building.asset,levels.Array.data[3].unlockIds.Array.data[0].Array.data[5],Element 5,108,Integer,,,"ID fitur yang dibuka ketika level selesai, misalnya kitchen atau storage."
c36e97a4fb5942b6a164d1f405b92331,11400000,Barn Building,Assets/Nature  Paradaise/Resources/Buildings/Barn Building.asset,levels.Array.data[3].unlockIds.Array.data[0].Array.data[6],Element 6,46,Integer,,,"ID fitur yang dibuka ketika level selesai, misalnya kitchen atau storage."
c36e97a4fb5942b6a164d1f405b92331,11400000,Barn Building,Assets/Nature  Paradaise/Resources/Buildings/Barn Building.asset,levels.Array.data[3].unlockIds.Array.data[0].Array.data[7],Element 7,98,Integer,,,"ID fitur yang dibuka ketika level selesai, misalnya kitchen atau storage."
c36e97a4fb5942b6a164d1f405b92331,11400000,Barn Building,Assets/Nature  Paradaise/Resources/Buildings/Barn Building.asset,levels.Array.data[3].unlockIds.Array.data[0].Array.data[8],Element 8,97,Integer,,,"ID fitur yang dibuka ketika level selesai, misalnya kitchen atau storage."
c36e97a4fb5942b6a164d1f405b92331,11400000,Barn Building,Assets/Nature  Paradaise/Resources/Buildings/Barn Building.asset,levels.Array.data[3].unlockIds.Array.data[0].Array.data[9],Element 9,114,Integer,,,"ID fitur yang dibuka ketika level selesai, misalnya kitchen atau storage."
d47fa8b50c6a43d7b275e2a516ca3442,11400000,Coop Building,Assets/Nature  Paradaise/Resources/Buildings/Coop Building.asset,canDemolish,Can Demolish,TRUE,Boolean,,,"Pengaturan Can Demolish pada data game. Nilai awal berasal dari asset, bukan contoh. Lihat Inspector untuk konteks entri."
d47fa8b50c6a43d7b275e2a516ca3442,11400000,Coop Building,Assets/Nature  Paradaise/Resources/Buildings/Coop Building.asset,canRelocate,Can Relocate,TRUE,Boolean,,,"Pengaturan Can Relocate pada data game. Nilai awal berasal dari asset, bukan contoh. Lihat Inspector untuk konteks entri."
d47fa8b50c6a43d7b275e2a516ca3442,11400000,Coop Building,Assets/Nature  Paradaise/Resources/Buildings/Coop Building.asset,defaultPlacementYaw,Default Placement Yaw,0,Float,-180,180,Arah awal bangunan pada sumbu Y. Preview tidak mengambil arah hadap player; gunakan T untuk memutarnya.
d47fa8b50c6a43d7b275e2a516ca3442,11400000,Coop Building,Assets/Nature  Paradaise/Resources/Buildings/Coop Building.asset,footprintDepth,Footprint Depth,13,Integer,1,,Kedalaman area grid yang harus kosong ketika bangunan ditempatkan.
d47fa8b50c6a43d7b275e2a516ca3442,11400000,Coop Building,Assets/Nature  Paradaise/Resources/Buildings/Coop Building.asset,footprintWidth,Footprint Width,10,Integer,1,,Lebar area grid yang harus kosong ketika bangunan ditempatkan.
d47fa8b50c6a43d7b275e2a516ca3442,11400000,Coop Building,Assets/Nature  Paradaise/Resources/Buildings/Coop Building.asset,levels.Array.data[0].capacity,Capacity,6,Integer,0,,"Kapasitas generik, misalnya jumlah hewan atau slot storage."
d47fa8b50c6a43d7b275e2a516ca3442,11400000,Coop Building,Assets/Nature  Paradaise/Resources/Buildings/Coop Building.asset,levels.Array.data[0].constructionDays,Construction Days,2,Integer,0,,Jumlah pergantian hari sebelum konstruksi selesai.
d47fa8b50c6a43d7b275e2a516ca3442,11400000,Coop Building,Assets/Nature  Paradaise/Resources/Buildings/Coop Building.asset,levels.Array.data[0].goldCost,Gold Cost,25,Integer,0,,Gold yang dibayar ketika level ini mulai dibangun.
d47fa8b50c6a43d7b275e2a516ca3442,11400000,Coop Building,Assets/Nature  Paradaise/Resources/Buildings/Coop Building.asset,levels.Array.data[0].level,Level,1,Integer,1,,"Pengaturan Level pada data game. Nilai awal berasal dari asset, bukan contoh. Lihat Inspector untuk konteks entri."
d47fa8b50c6a43d7b275e2a516ca3442,11400000,Coop Building,Assets/Nature  Paradaise/Resources/Buildings/Coop Building.asset,levels.Array.data[0].materialCosts.Array.data[0].amount,Amount,3,Integer,1,,Jumlah material yang dibutuhkan. Item: Wood.
d47fa8b50c6a43d7b275e2a516ca3442,11400000,Coop Building,Assets/Nature  Paradaise/Resources/Buildings/Coop Building.asset,levels.Array.data[0].materialCosts.Array.data[1].amount,Amount,1,Integer,1,,Jumlah material yang dibutuhkan. Item: Stone.
d47fa8b50c6a43d7b275e2a516ca3442,11400000,Coop Building,Assets/Nature  Paradaise/Resources/Buildings/Coop Building.asset,levels.Array.data[0].requiredVillageLevel,Required Village Level,0,Integer,0,,Village Level minimum sebelum level bangunan ini dapat dibeli.
d47fa8b50c6a43d7b275e2a516ca3442,11400000,Coop Building,Assets/Nature  Paradaise/Resources/Buildings/Coop Building.asset,levels.Array.data[0].unlockIds.Array.data[0].Array.data[0],Element 0,97,Integer,,,"ID fitur yang dibuka ketika level selesai, misalnya kitchen atau storage."
d47fa8b50c6a43d7b275e2a516ca3442,11400000,Coop Building,Assets/Nature  Paradaise/Resources/Buildings/Coop Building.asset,levels.Array.data[0].unlockIds.Array.data[0].Array.data[10],Element 10,112,Integer,,,"ID fitur yang dibuka ketika level selesai, misalnya kitchen atau storage."
d47fa8b50c6a43d7b275e2a516ca3442,11400000,Coop Building,Assets/Nature  Paradaise/Resources/Buildings/Coop Building.asset,levels.Array.data[0].unlockIds.Array.data[0].Array.data[11],Element 11,46,Integer,,,"ID fitur yang dibuka ketika level selesai, misalnya kitchen atau storage."
d47fa8b50c6a43d7b275e2a516ca3442,11400000,Coop Building,Assets/Nature  Paradaise/Resources/Buildings/Coop Building.asset,levels.Array.data[0].unlockIds.Array.data[0].Array.data[12],Element 12,98,Integer,,,"ID fitur yang dibuka ketika level selesai, misalnya kitchen atau storage."
d47fa8b50c6a43d7b275e2a516ca3442,11400000,Coop Building,Assets/Nature  Paradaise/Resources/Buildings/Coop Building.asset,levels.Array.data[0].unlockIds.Array.data[0].Array.data[13],Element 13,97,Integer,,,"ID fitur yang dibuka ketika level selesai, misalnya kitchen atau storage."
d47fa8b50c6a43d7b275e2a516ca3442,11400000,Coop Building,Assets/Nature  Paradaise/Resources/Buildings/Coop Building.asset,levels.Array.data[0].unlockIds.Array.data[0].Array.data[14],Element 14,115,Integer,,,"ID fitur yang dibuka ketika level selesai, misalnya kitchen atau storage."
d47fa8b50c6a43d7b275e2a516ca3442,11400000,Coop Building,Assets/Nature  Paradaise/Resources/Buildings/Coop Building.asset,levels.Array.data[0].unlockIds.Array.data[0].Array.data[15],Element 15,105,Integer,,,"ID fitur yang dibuka ketika level selesai, misalnya kitchen atau storage."
d47fa8b50c6a43d7b275e2a516ca3442,11400000,Coop Building,Assets/Nature  Paradaise/Resources/Buildings/Coop Building.asset,levels.Array.data[0].unlockIds.Array.data[0].Array.data[16],Element 16,99,Integer,,,"ID fitur yang dibuka ketika level selesai, misalnya kitchen atau storage."
d47fa8b50c6a43d7b275e2a516ca3442,11400000,Coop Building,Assets/Nature  Paradaise/Resources/Buildings/Coop Building.asset,levels.Array.data[0].unlockIds.Array.data[0].Array.data[1],Element 1,110,Integer,,,"ID fitur yang dibuka ketika level selesai, misalnya kitchen atau storage."
d47fa8b50c6a43d7b275e2a516ca3442,11400000,Coop Building,Assets/Nature  Paradaise/Resources/Buildings/Coop Building.asset,levels.Array.data[0].unlockIds.Array.data[0].Array.data[2],Element 2,105,Integer,,,"ID fitur yang dibuka ketika level selesai, misalnya kitchen atau storage."
d47fa8b50c6a43d7b275e2a516ca3442,11400000,Coop Building,Assets/Nature  Paradaise/Resources/Buildings/Coop Building.asset,levels.Array.data[0].unlockIds.Array.data[0].Array.data[3],Element 3,109,Integer,,,"ID fitur yang dibuka ketika level selesai, misalnya kitchen atau storage."
d47fa8b50c6a43d7b275e2a516ca3442,11400000,Coop Building,Assets/Nature  Paradaise/Resources/Buildings/Coop Building.asset,levels.Array.data[0].unlockIds.Array.data[0].Array.data[4],Element 4,97,Integer,,,"ID fitur yang dibuka ketika level selesai, misalnya kitchen atau storage."
d47fa8b50c6a43d7b275e2a516ca3442,11400000,Coop Building,Assets/Nature  Paradaise/Resources/Buildings/Coop Building.asset,levels.Array.data[0].unlockIds.Array.data[0].Array.data[5],Element 5,108,Integer,,,"ID fitur yang dibuka ketika level selesai, misalnya kitchen atau storage."
d47fa8b50c6a43d7b275e2a516ca3442,11400000,Coop Building,Assets/Nature  Paradaise/Resources/Buildings/Coop Building.asset,levels.Array.data[0].unlockIds.Array.data[0].Array.data[6],Element 6,46,Integer,,,"ID fitur yang dibuka ketika level selesai, misalnya kitchen atau storage."
d47fa8b50c6a43d7b275e2a516ca3442,11400000,Coop Building,Assets/Nature  Paradaise/Resources/Buildings/Coop Building.asset,levels.Array.data[0].unlockIds.Array.data[0].Array.data[7],Element 7,99,Integer,,,"ID fitur yang dibuka ketika level selesai, misalnya kitchen atau storage."
d47fa8b50c6a43d7b275e2a516ca3442,11400000,Coop Building,Assets/Nature  Paradaise/Resources/Buildings/Coop Building.asset,levels.Array.data[0].unlockIds.Array.data[0].Array.data[8],Element 8,111,Integer,,,"ID fitur yang dibuka ketika level selesai, misalnya kitchen atau storage."
d47fa8b50c6a43d7b275e2a516ca3442,11400000,Coop Building,Assets/Nature  Paradaise/Resources/Buildings/Coop Building.asset,levels.Array.data[0].unlockIds.Array.data[0].Array.data[9],Element 9,111,Integer,,,"ID fitur yang dibuka ketika level selesai, misalnya kitchen atau storage."
d47fa8b50c6a43d7b275e2a516ca3442,11400000,Coop Building,Assets/Nature  Paradaise/Resources/Buildings/Coop Building.asset,levels.Array.data[1].capacity,Capacity,12,Integer,0,,"Kapasitas generik, misalnya jumlah hewan atau slot storage."
d47fa8b50c6a43d7b275e2a516ca3442,11400000,Coop Building,Assets/Nature  Paradaise/Resources/Buildings/Coop Building.asset,levels.Array.data[1].constructionDays,Construction Days,3,Integer,0,,Jumlah pergantian hari sebelum konstruksi selesai.
d47fa8b50c6a43d7b275e2a516ca3442,11400000,Coop Building,Assets/Nature  Paradaise/Resources/Buildings/Coop Building.asset,levels.Array.data[1].goldCost,Gold Cost,45,Integer,0,,Gold yang dibayar ketika level ini mulai dibangun.
d47fa8b50c6a43d7b275e2a516ca3442,11400000,Coop Building,Assets/Nature  Paradaise/Resources/Buildings/Coop Building.asset,levels.Array.data[1].level,Level,2,Integer,1,,"Pengaturan Level pada data game. Nilai awal berasal dari asset, bukan contoh. Lihat Inspector untuk konteks entri."
d47fa8b50c6a43d7b275e2a516ca3442,11400000,Coop Building,Assets/Nature  Paradaise/Resources/Buildings/Coop Building.asset,levels.Array.data[1].materialCosts.Array.data[0].amount,Amount,5,Integer,1,,Jumlah material yang dibutuhkan. Item: Wood.
d47fa8b50c6a43d7b275e2a516ca3442,11400000,Coop Building,Assets/Nature  Paradaise/Resources/Buildings/Coop Building.asset,levels.Array.data[1].materialCosts.Array.data[1].amount,Amount,3,Integer,1,,Jumlah material yang dibutuhkan. Item: Stone.
d47fa8b50c6a43d7b275e2a516ca3442,11400000,Coop Building,Assets/Nature  Paradaise/Resources/Buildings/Coop Building.asset,levels.Array.data[1].requiredVillageLevel,Required Village Level,0,Integer,0,,Village Level minimum sebelum level bangunan ini dapat dibeli.
d47fa8b50c6a43d7b275e2a516ca3442,11400000,Coop Building,Assets/Nature  Paradaise/Resources/Buildings/Coop Building.asset,levels.Array.data[1].unlockIds.Array.data[0].Array.data[0],Element 0,97,Integer,,,"ID fitur yang dibuka ketika level selesai, misalnya kitchen atau storage."
d47fa8b50c6a43d7b275e2a516ca3442,11400000,Coop Building,Assets/Nature  Paradaise/Resources/Buildings/Coop Building.asset,levels.Array.data[1].unlockIds.Array.data[0].Array.data[10],Element 10,112,Integer,,,"ID fitur yang dibuka ketika level selesai, misalnya kitchen atau storage."
d47fa8b50c6a43d7b275e2a516ca3442,11400000,Coop Building,Assets/Nature  Paradaise/Resources/Buildings/Coop Building.asset,levels.Array.data[1].unlockIds.Array.data[0].Array.data[11],Element 11,46,Integer,,,"ID fitur yang dibuka ketika level selesai, misalnya kitchen atau storage."
d47fa8b50c6a43d7b275e2a516ca3442,11400000,Coop Building,Assets/Nature  Paradaise/Resources/Buildings/Coop Building.asset,levels.Array.data[1].unlockIds.Array.data[0].Array.data[12],Element 12,101,Integer,,,"ID fitur yang dibuka ketika level selesai, misalnya kitchen atau storage."
d47fa8b50c6a43d7b275e2a516ca3442,11400000,Coop Building,Assets/Nature  Paradaise/Resources/Buildings/Coop Building.asset,levels.Array.data[1].unlockIds.Array.data[0].Array.data[13],Element 13,120,Integer,,,"ID fitur yang dibuka ketika level selesai, misalnya kitchen atau storage."
d47fa8b50c6a43d7b275e2a516ca3442,11400000,Coop Building,Assets/Nature  Paradaise/Resources/Buildings/Coop Building.asset,levels.Array.data[1].unlockIds.Array.data[0].Array.data[14],Element 14,112,Integer,,,"ID fitur yang dibuka ketika level selesai, misalnya kitchen atau storage."
d47fa8b50c6a43d7b275e2a516ca3442,11400000,Coop Building,Assets/Nature  Paradaise/Resources/Buildings/Coop Building.asset,levels.Array.data[1].unlockIds.Array.data[0].Array.data[15],Element 15,97,Integer,,,"ID fitur yang dibuka ketika level selesai, misalnya kitchen atau storage."
d47fa8b50c6a43d7b275e2a516ca3442,11400000,Coop Building,Assets/Nature  Paradaise/Resources/Buildings/Coop Building.asset,levels.Array.data[1].unlockIds.Array.data[0].Array.data[16],Element 16,110,Integer,,,"ID fitur yang dibuka ketika level selesai, misalnya kitchen atau storage."
d47fa8b50c6a43d7b275e2a516ca3442,11400000,Coop Building,Assets/Nature  Paradaise/Resources/Buildings/Coop Building.asset,levels.Array.data[1].unlockIds.Array.data[0].Array.data[17],Element 17,100,Integer,,,"ID fitur yang dibuka ketika level selesai, misalnya kitchen atau storage."
d47fa8b50c6a43d7b275e2a516ca3442,11400000,Coop Building,Assets/Nature  Paradaise/Resources/Buildings/Coop Building.asset,levels.Array.data[1].unlockIds.Array.data[0].Array.data[18],Element 18,101,Integer,,,"ID fitur yang dibuka ketika level selesai, misalnya kitchen atau storage."
d47fa8b50c6a43d7b275e2a516ca3442,11400000,Coop Building,Assets/Nature  Paradaise/Resources/Buildings/Coop Building.asset,levels.Array.data[1].unlockIds.Array.data[0].Array.data[19],Element 19,100,Integer,,,"ID fitur yang dibuka ketika level selesai, misalnya kitchen atau storage."
d47fa8b50c6a43d7b275e2a516ca3442,11400000,Coop Building,Assets/Nature  Paradaise/Resources/Buildings/Coop Building.asset,levels.Array.data[1].unlockIds.Array.data[0].Array.data[1],Element 1,110,Integer,,,"ID fitur yang dibuka ketika level selesai, misalnya kitchen atau storage."
d47fa8b50c6a43d7b275e2a516ca3442,11400000,Coop Building,Assets/Nature  Paradaise/Resources/Buildings/Coop Building.asset,levels.Array.data[1].unlockIds.Array.data[0].Array.data[2],Element 2,105,Integer,,,"ID fitur yang dibuka ketika level selesai, misalnya kitchen atau storage."
d47fa8b50c6a43d7b275e2a516ca3442,11400000,Coop Building,Assets/Nature  Paradaise/Resources/Buildings/Coop Building.asset,levels.Array.data[1].unlockIds.Array.data[0].Array.data[3],Element 3,109,Integer,,,"ID fitur yang dibuka ketika level selesai, misalnya kitchen atau storage."
d47fa8b50c6a43d7b275e2a516ca3442,11400000,Coop Building,Assets/Nature  Paradaise/Resources/Buildings/Coop Building.asset,levels.Array.data[1].unlockIds.Array.data[0].Array.data[4],Element 4,97,Integer,,,"ID fitur yang dibuka ketika level selesai, misalnya kitchen atau storage."
d47fa8b50c6a43d7b275e2a516ca3442,11400000,Coop Building,Assets/Nature  Paradaise/Resources/Buildings/Coop Building.asset,levels.Array.data[1].unlockIds.Array.data[0].Array.data[5],Element 5,108,Integer,,,"ID fitur yang dibuka ketika level selesai, misalnya kitchen atau storage."
d47fa8b50c6a43d7b275e2a516ca3442,11400000,Coop Building,Assets/Nature  Paradaise/Resources/Buildings/Coop Building.asset,levels.Array.data[1].unlockIds.Array.data[0].Array.data[6],Element 6,46,Integer,,,"ID fitur yang dibuka ketika level selesai, misalnya kitchen atau storage."
d47fa8b50c6a43d7b275e2a516ca3442,11400000,Coop Building,Assets/Nature  Paradaise/Resources/Buildings/Coop Building.asset,levels.Array.data[1].unlockIds.Array.data[0].Array.data[7],Element 7,99,Integer,,,"ID fitur yang dibuka ketika level selesai, misalnya kitchen atau storage."
d47fa8b50c6a43d7b275e2a516ca3442,11400000,Coop Building,Assets/Nature  Paradaise/Resources/Buildings/Coop Building.asset,levels.Array.data[1].unlockIds.Array.data[0].Array.data[8],Element 8,111,Integer,,,"ID fitur yang dibuka ketika level selesai, misalnya kitchen atau storage."
d47fa8b50c6a43d7b275e2a516ca3442,11400000,Coop Building,Assets/Nature  Paradaise/Resources/Buildings/Coop Building.asset,levels.Array.data[1].unlockIds.Array.data[0].Array.data[9],Element 9,111,Integer,,,"ID fitur yang dibuka ketika level selesai, misalnya kitchen atau storage."
d47fa8b50c6a43d7b275e2a516ca3442,11400000,Coop Building,Assets/Nature  Paradaise/Resources/Buildings/Coop Building.asset,levels.Array.data[2].capacity,Capacity,20,Integer,0,,"Kapasitas generik, misalnya jumlah hewan atau slot storage."
d47fa8b50c6a43d7b275e2a516ca3442,11400000,Coop Building,Assets/Nature  Paradaise/Resources/Buildings/Coop Building.asset,levels.Array.data[2].constructionDays,Construction Days,4,Integer,0,,Jumlah pergantian hari sebelum konstruksi selesai.
d47fa8b50c6a43d7b275e2a516ca3442,11400000,Coop Building,Assets/Nature  Paradaise/Resources/Buildings/Coop Building.asset,levels.Array.data[2].goldCost,Gold Cost,75,Integer,0,,Gold yang dibayar ketika level ini mulai dibangun.
d47fa8b50c6a43d7b275e2a516ca3442,11400000,Coop Building,Assets/Nature  Paradaise/Resources/Buildings/Coop Building.asset,levels.Array.data[2].level,Level,3,Integer,1,,"Pengaturan Level pada data game. Nilai awal berasal dari asset, bukan contoh. Lihat Inspector untuk konteks entri."
d47fa8b50c6a43d7b275e2a516ca3442,11400000,Coop Building,Assets/Nature  Paradaise/Resources/Buildings/Coop Building.asset,levels.Array.data[2].materialCosts.Array.data[0].amount,Amount,20,Integer,1,,Jumlah material yang dibutuhkan. Item: Wood.
d47fa8b50c6a43d7b275e2a516ca3442,11400000,Coop Building,Assets/Nature  Paradaise/Resources/Buildings/Coop Building.asset,levels.Array.data[2].materialCosts.Array.data[1].amount,Amount,11,Integer,1,,Jumlah material yang dibutuhkan. Item: Stone.
d47fa8b50c6a43d7b275e2a516ca3442,11400000,Coop Building,Assets/Nature  Paradaise/Resources/Buildings/Coop Building.asset,levels.Array.data[2].requiredVillageLevel,Required Village Level,0,Integer,0,,Village Level minimum sebelum level bangunan ini dapat dibeli.
d47fa8b50c6a43d7b275e2a516ca3442,11400000,Coop Building,Assets/Nature  Paradaise/Resources/Buildings/Coop Building.asset,levels.Array.data[2].unlockIds.Array.data[0].Array.data[0],Element 0,97,Integer,,,"ID fitur yang dibuka ketika level selesai, misalnya kitchen atau storage."
d47fa8b50c6a43d7b275e2a516ca3442,11400000,Coop Building,Assets/Nature  Paradaise/Resources/Buildings/Coop Building.asset,levels.Array.data[2].unlockIds.Array.data[0].Array.data[10],Element 10,112,Integer,,,"ID fitur yang dibuka ketika level selesai, misalnya kitchen atau storage."
d47fa8b50c6a43d7b275e2a516ca3442,11400000,Coop Building,Assets/Nature  Paradaise/Resources/Buildings/Coop Building.asset,levels.Array.data[2].unlockIds.Array.data[0].Array.data[11],Element 11,46,Integer,,,"ID fitur yang dibuka ketika level selesai, misalnya kitchen atau storage."
d47fa8b50c6a43d7b275e2a516ca3442,11400000,Coop Building,Assets/Nature  Paradaise/Resources/Buildings/Coop Building.asset,levels.Array.data[2].unlockIds.Array.data[0].Array.data[12],Element 12,108,Integer,,,"ID fitur yang dibuka ketika level selesai, misalnya kitchen atau storage."
d47fa8b50c6a43d7b275e2a516ca3442,11400000,Coop Building,Assets/Nature  Paradaise/Resources/Buildings/Coop Building.asset,levels.Array.data[2].unlockIds.Array.data[0].Array.data[13],Element 13,101,Integer,,,"ID fitur yang dibuka ketika level selesai, misalnya kitchen atau storage."
d47fa8b50c6a43d7b275e2a516ca3442,11400000,Coop Building,Assets/Nature  Paradaise/Resources/Buildings/Coop Building.asset,levels.Array.data[2].unlockIds.Array.data[0].Array.data[14],Element 14,118,Integer,,,"ID fitur yang dibuka ketika level selesai, misalnya kitchen atau storage."
d47fa8b50c6a43d7b275e2a516ca3442,11400000,Coop Building,Assets/Nature  Paradaise/Resources/Buildings/Coop Building.asset,levels.Array.data[2].unlockIds.Array.data[0].Array.data[15],Element 15,101,Integer,,,"ID fitur yang dibuka ketika level selesai, misalnya kitchen atau storage."
d47fa8b50c6a43d7b275e2a516ca3442,11400000,Coop Building,Assets/Nature  Paradaise/Resources/Buildings/Coop Building.asset,levels.Array.data[2].unlockIds.Array.data[0].Array.data[16],Element 16,108,Integer,,,"ID fitur yang dibuka ketika level selesai, misalnya kitchen atau storage."
d47fa8b50c6a43d7b275e2a516ca3442,11400000,Coop Building,Assets/Nature  Paradaise/Resources/Buildings/Coop Building.asset,levels.Array.data[2].unlockIds.Array.data[0].Array.data[17],Element 17,51,Integer,,,"ID fitur yang dibuka ketika level selesai, misalnya kitchen atau storage."
d47fa8b50c6a43d7b275e2a516ca3442,11400000,Coop Building,Assets/Nature  Paradaise/Resources/Buildings/Coop Building.asset,levels.Array.data[2].unlockIds.Array.data[0].Array.data[1],Element 1,110,Integer,,,"ID fitur yang dibuka ketika level selesai, misalnya kitchen atau storage."
d47fa8b50c6a43d7b275e2a516ca3442,11400000,Coop Building,Assets/Nature  Paradaise/Resources/Buildings/Coop Building.asset,levels.Array.data[2].unlockIds.Array.data[0].Array.data[2],Element 2,105,Integer,,,"ID fitur yang dibuka ketika level selesai, misalnya kitchen atau storage."
d47fa8b50c6a43d7b275e2a516ca3442,11400000,Coop Building,Assets/Nature  Paradaise/Resources/Buildings/Coop Building.asset,levels.Array.data[2].unlockIds.Array.data[0].Array.data[3],Element 3,109,Integer,,,"ID fitur yang dibuka ketika level selesai, misalnya kitchen atau storage."
d47fa8b50c6a43d7b275e2a516ca3442,11400000,Coop Building,Assets/Nature  Paradaise/Resources/Buildings/Coop Building.asset,levels.Array.data[2].unlockIds.Array.data[0].Array.data[4],Element 4,97,Integer,,,"ID fitur yang dibuka ketika level selesai, misalnya kitchen atau storage."
d47fa8b50c6a43d7b275e2a516ca3442,11400000,Coop Building,Assets/Nature  Paradaise/Resources/Buildings/Coop Building.asset,levels.Array.data[2].unlockIds.Array.data[0].Array.data[5],Element 5,108,Integer,,,"ID fitur yang dibuka ketika level selesai, misalnya kitchen atau storage."
d47fa8b50c6a43d7b275e2a516ca3442,11400000,Coop Building,Assets/Nature  Paradaise/Resources/Buildings/Coop Building.asset,levels.Array.data[2].unlockIds.Array.data[0].Array.data[6],Element 6,46,Integer,,,"ID fitur yang dibuka ketika level selesai, misalnya kitchen atau storage."
d47fa8b50c6a43d7b275e2a516ca3442,11400000,Coop Building,Assets/Nature  Paradaise/Resources/Buildings/Coop Building.asset,levels.Array.data[2].unlockIds.Array.data[0].Array.data[7],Element 7,99,Integer,,,"ID fitur yang dibuka ketika level selesai, misalnya kitchen atau storage."
d47fa8b50c6a43d7b275e2a516ca3442,11400000,Coop Building,Assets/Nature  Paradaise/Resources/Buildings/Coop Building.asset,levels.Array.data[2].unlockIds.Array.data[0].Array.data[8],Element 8,111,Integer,,,"ID fitur yang dibuka ketika level selesai, misalnya kitchen atau storage."
d47fa8b50c6a43d7b275e2a516ca3442,11400000,Coop Building,Assets/Nature  Paradaise/Resources/Buildings/Coop Building.asset,levels.Array.data[2].unlockIds.Array.data[0].Array.data[9],Element 9,111,Integer,,,"ID fitur yang dibuka ketika level selesai, misalnya kitchen atau storage."
d47fa8b50c6a43d7b275e2a516ca3442,11400000,Coop Building,Assets/Nature  Paradaise/Resources/Buildings/Coop Building.asset,levels.Array.data[3].capacity,Capacity,30,Integer,0,,"Kapasitas generik, misalnya jumlah hewan atau slot storage."
d47fa8b50c6a43d7b275e2a516ca3442,11400000,Coop Building,Assets/Nature  Paradaise/Resources/Buildings/Coop Building.asset,levels.Array.data[3].constructionDays,Construction Days,5,Integer,0,,Jumlah pergantian hari sebelum konstruksi selesai.
d47fa8b50c6a43d7b275e2a516ca3442,11400000,Coop Building,Assets/Nature  Paradaise/Resources/Buildings/Coop Building.asset,levels.Array.data[3].goldCost,Gold Cost,110,Integer,0,,Gold yang dibayar ketika level ini mulai dibangun.
d47fa8b50c6a43d7b275e2a516ca3442,11400000,Coop Building,Assets/Nature  Paradaise/Resources/Buildings/Coop Building.asset,levels.Array.data[3].level,Level,4,Integer,1,,"Pengaturan Level pada data game. Nilai awal berasal dari asset, bukan contoh. Lihat Inspector untuk konteks entri."
d47fa8b50c6a43d7b275e2a516ca3442,11400000,Coop Building,Assets/Nature  Paradaise/Resources/Buildings/Coop Building.asset,levels.Array.data[3].materialCosts.Array.data[0].amount,Amount,25,Integer,1,,Jumlah material yang dibutuhkan. Item: Wood.
d47fa8b50c6a43d7b275e2a516ca3442,11400000,Coop Building,Assets/Nature  Paradaise/Resources/Buildings/Coop Building.asset,levels.Array.data[3].materialCosts.Array.data[1].amount,Amount,14,Integer,1,,Jumlah material yang dibutuhkan. Item: Stone.
d47fa8b50c6a43d7b275e2a516ca3442,11400000,Coop Building,Assets/Nature  Paradaise/Resources/Buildings/Coop Building.asset,levels.Array.data[3].requiredVillageLevel,Required Village Level,0,Integer,0,,Village Level minimum sebelum level bangunan ini dapat dibeli.
d47fa8b50c6a43d7b275e2a516ca3442,11400000,Coop Building,Assets/Nature  Paradaise/Resources/Buildings/Coop Building.asset,levels.Array.data[3].unlockIds.Array.data[0].Array.data[0],Element 0,97,Integer,,,"ID fitur yang dibuka ketika level selesai, misalnya kitchen atau storage."
d47fa8b50c6a43d7b275e2a516ca3442,11400000,Coop Building,Assets/Nature  Paradaise/Resources/Buildings/Coop Building.asset,levels.Array.data[3].unlockIds.Array.data[0].Array.data[10],Element 10,112,Integer,,,"ID fitur yang dibuka ketika level selesai, misalnya kitchen atau storage."
d47fa8b50c6a43d7b275e2a516ca3442,11400000,Coop Building,Assets/Nature  Paradaise/Resources/Buildings/Coop Building.asset,levels.Array.data[3].unlockIds.Array.data[0].Array.data[11],Element 11,46,Integer,,,"ID fitur yang dibuka ketika level selesai, misalnya kitchen atau storage."
d47fa8b50c6a43d7b275e2a516ca3442,11400000,Coop Building,Assets/Nature  Paradaise/Resources/Buildings/Coop Building.asset,levels.Array.data[3].unlockIds.Array.data[0].Array.data[12],Element 12,108,Integer,,,"ID fitur yang dibuka ketika level selesai, misalnya kitchen atau storage."
d47fa8b50c6a43d7b275e2a516ca3442,11400000,Coop Building,Assets/Nature  Paradaise/Resources/Buildings/Coop Building.asset,levels.Array.data[3].unlockIds.Array.data[0].Array.data[13],Element 13,101,Integer,,,"ID fitur yang dibuka ketika level selesai, misalnya kitchen atau storage."
d47fa8b50c6a43d7b275e2a516ca3442,11400000,Coop Building,Assets/Nature  Paradaise/Resources/Buildings/Coop Building.asset,levels.Array.data[3].unlockIds.Array.data[0].Array.data[14],Element 14,118,Integer,,,"ID fitur yang dibuka ketika level selesai, misalnya kitchen atau storage."
d47fa8b50c6a43d7b275e2a516ca3442,11400000,Coop Building,Assets/Nature  Paradaise/Resources/Buildings/Coop Building.asset,levels.Array.data[3].unlockIds.Array.data[0].Array.data[15],Element 15,101,Integer,,,"ID fitur yang dibuka ketika level selesai, misalnya kitchen atau storage."
d47fa8b50c6a43d7b275e2a516ca3442,11400000,Coop Building,Assets/Nature  Paradaise/Resources/Buildings/Coop Building.asset,levels.Array.data[3].unlockIds.Array.data[0].Array.data[16],Element 16,108,Integer,,,"ID fitur yang dibuka ketika level selesai, misalnya kitchen atau storage."
d47fa8b50c6a43d7b275e2a516ca3442,11400000,Coop Building,Assets/Nature  Paradaise/Resources/Buildings/Coop Building.asset,levels.Array.data[3].unlockIds.Array.data[0].Array.data[17],Element 17,52,Integer,,,"ID fitur yang dibuka ketika level selesai, misalnya kitchen atau storage."
d47fa8b50c6a43d7b275e2a516ca3442,11400000,Coop Building,Assets/Nature  Paradaise/Resources/Buildings/Coop Building.asset,levels.Array.data[3].unlockIds.Array.data[0].Array.data[1],Element 1,110,Integer,,,"ID fitur yang dibuka ketika level selesai, misalnya kitchen atau storage."
d47fa8b50c6a43d7b275e2a516ca3442,11400000,Coop Building,Assets/Nature  Paradaise/Resources/Buildings/Coop Building.asset,levels.Array.data[3].unlockIds.Array.data[0].Array.data[2],Element 2,105,Integer,,,"ID fitur yang dibuka ketika level selesai, misalnya kitchen atau storage."
d47fa8b50c6a43d7b275e2a516ca3442,11400000,Coop Building,Assets/Nature  Paradaise/Resources/Buildings/Coop Building.asset,levels.Array.data[3].unlockIds.Array.data[0].Array.data[3],Element 3,109,Integer,,,"ID fitur yang dibuka ketika level selesai, misalnya kitchen atau storage."
d47fa8b50c6a43d7b275e2a516ca3442,11400000,Coop Building,Assets/Nature  Paradaise/Resources/Buildings/Coop Building.asset,levels.Array.data[3].unlockIds.Array.data[0].Array.data[4],Element 4,97,Integer,,,"ID fitur yang dibuka ketika level selesai, misalnya kitchen atau storage."
d47fa8b50c6a43d7b275e2a516ca3442,11400000,Coop Building,Assets/Nature  Paradaise/Resources/Buildings/Coop Building.asset,levels.Array.data[3].unlockIds.Array.data[0].Array.data[5],Element 5,108,Integer,,,"ID fitur yang dibuka ketika level selesai, misalnya kitchen atau storage."
d47fa8b50c6a43d7b275e2a516ca3442,11400000,Coop Building,Assets/Nature  Paradaise/Resources/Buildings/Coop Building.asset,levels.Array.data[3].unlockIds.Array.data[0].Array.data[6],Element 6,46,Integer,,,"ID fitur yang dibuka ketika level selesai, misalnya kitchen atau storage."
d47fa8b50c6a43d7b275e2a516ca3442,11400000,Coop Building,Assets/Nature  Paradaise/Resources/Buildings/Coop Building.asset,levels.Array.data[3].unlockIds.Array.data[0].Array.data[7],Element 7,99,Integer,,,"ID fitur yang dibuka ketika level selesai, misalnya kitchen atau storage."
d47fa8b50c6a43d7b275e2a516ca3442,11400000,Coop Building,Assets/Nature  Paradaise/Resources/Buildings/Coop Building.asset,levels.Array.data[3].unlockIds.Array.data[0].Array.data[8],Element 8,111,Integer,,,"ID fitur yang dibuka ketika level selesai, misalnya kitchen atau storage."
d47fa8b50c6a43d7b275e2a516ca3442,11400000,Coop Building,Assets/Nature  Paradaise/Resources/Buildings/Coop Building.asset,levels.Array.data[3].unlockIds.Array.data[0].Array.data[9],Element 9,111,Integer,,,"ID fitur yang dibuka ketika level selesai, misalnya kitchen atau storage."
d93f2a1b4c5d46789e0f1a2b3c4d5e63,11400000,Shed Building,Assets/Nature  Paradaise/Resources/Buildings/Shed Building.asset,canDemolish,Can Demolish,TRUE,Boolean,,,"Pengaturan Can Demolish pada data game. Nilai awal berasal dari asset, bukan contoh. Lihat Inspector untuk konteks entri."
d93f2a1b4c5d46789e0f1a2b3c4d5e63,11400000,Shed Building,Assets/Nature  Paradaise/Resources/Buildings/Shed Building.asset,canRelocate,Can Relocate,TRUE,Boolean,,,"Pengaturan Can Relocate pada data game. Nilai awal berasal dari asset, bukan contoh. Lihat Inspector untuk konteks entri."
d93f2a1b4c5d46789e0f1a2b3c4d5e63,11400000,Shed Building,Assets/Nature  Paradaise/Resources/Buildings/Shed Building.asset,defaultPlacementYaw,Default Placement Yaw,0,Float,-180,180,Arah awal bangunan pada sumbu Y. Preview tidak mengambil arah hadap player; gunakan T untuk memutarnya.
d93f2a1b4c5d46789e0f1a2b3c4d5e63,11400000,Shed Building,Assets/Nature  Paradaise/Resources/Buildings/Shed Building.asset,footprintDepth,Footprint Depth,3,Integer,1,,Kedalaman area grid yang harus kosong ketika bangunan ditempatkan.
d93f2a1b4c5d46789e0f1a2b3c4d5e63,11400000,Shed Building,Assets/Nature  Paradaise/Resources/Buildings/Shed Building.asset,footprintWidth,Footprint Width,3,Integer,1,,Lebar area grid yang harus kosong ketika bangunan ditempatkan.
d93f2a1b4c5d46789e0f1a2b3c4d5e63,11400000,Shed Building,Assets/Nature  Paradaise/Resources/Buildings/Shed Building.asset,levels.Array.data[0].capacity,Capacity,8,Integer,0,,"Kapasitas generik, misalnya jumlah hewan atau slot storage."
d93f2a1b4c5d46789e0f1a2b3c4d5e63,11400000,Shed Building,Assets/Nature  Paradaise/Resources/Buildings/Shed Building.asset,levels.Array.data[0].constructionDays,Construction Days,2,Integer,0,,Jumlah pergantian hari sebelum konstruksi selesai.
d93f2a1b4c5d46789e0f1a2b3c4d5e63,11400000,Shed Building,Assets/Nature  Paradaise/Resources/Buildings/Shed Building.asset,levels.Array.data[0].goldCost,Gold Cost,20,Integer,0,,Gold yang dibayar ketika level ini mulai dibangun.
d93f2a1b4c5d46789e0f1a2b3c4d5e63,11400000,Shed Building,Assets/Nature  Paradaise/Resources/Buildings/Shed Building.asset,levels.Array.data[0].level,Level,1,Integer,1,,"Pengaturan Level pada data game. Nilai awal berasal dari asset, bukan contoh. Lihat Inspector untuk konteks entri."
d93f2a1b4c5d46789e0f1a2b3c4d5e63,11400000,Shed Building,Assets/Nature  Paradaise/Resources/Buildings/Shed Building.asset,levels.Array.data[0].materialCosts.Array.data[0].amount,Amount,2,Integer,1,,Jumlah material yang dibutuhkan. Item: Wood.
d93f2a1b4c5d46789e0f1a2b3c4d5e63,11400000,Shed Building,Assets/Nature  Paradaise/Resources/Buildings/Shed Building.asset,levels.Array.data[0].materialCosts.Array.data[1].amount,Amount,1,Integer,1,,Jumlah material yang dibutuhkan. Item: Stone.
d93f2a1b4c5d46789e0f1a2b3c4d5e63,11400000,Shed Building,Assets/Nature  Paradaise/Resources/Buildings/Shed Building.asset,levels.Array.data[0].requiredVillageLevel,Required Village Level,0,Integer,0,,Village Level minimum sebelum level bangunan ini dapat dibeli.
d93f2a1b4c5d46789e0f1a2b3c4d5e63,11400000,Shed Building,Assets/Nature  Paradaise/Resources/Buildings/Shed Building.asset,levels.Array.data[0].unlockIds.Array.data[0].Array.data[0],Element 0,115,Integer,,,"ID fitur yang dibuka ketika level selesai, misalnya kitchen atau storage."
d93f2a1b4c5d46789e0f1a2b3c4d5e63,11400000,Shed Building,Assets/Nature  Paradaise/Resources/Buildings/Shed Building.asset,levels.Array.data[0].unlockIds.Array.data[0].Array.data[10],Element 10,115,Integer,,,"ID fitur yang dibuka ketika level selesai, misalnya kitchen atau storage."
d93f2a1b4c5d46789e0f1a2b3c4d5e63,11400000,Shed Building,Assets/Nature  Paradaise/Resources/Buildings/Shed Building.asset,levels.Array.data[0].unlockIds.Array.data[0].Array.data[11],Element 11,105,Integer,,,"ID fitur yang dibuka ketika level selesai, misalnya kitchen atau storage."
d93f2a1b4c5d46789e0f1a2b3c4d5e63,11400000,Shed Building,Assets/Nature  Paradaise/Resources/Buildings/Shed Building.asset,levels.Array.data[0].unlockIds.Array.data[0].Array.data[12],Element 12,99,Integer,,,"ID fitur yang dibuka ketika level selesai, misalnya kitchen atau storage."
d93f2a1b4c5d46789e0f1a2b3c4d5e63,11400000,Shed Building,Assets/Nature  Paradaise/Resources/Buildings/Shed Building.asset,levels.Array.data[0].unlockIds.Array.data[0].Array.data[1],Element 1,116,Integer,,,"ID fitur yang dibuka ketika level selesai, misalnya kitchen atau storage."
d93f2a1b4c5d46789e0f1a2b3c4d5e63,11400000,Shed Building,Assets/Nature  Paradaise/Resources/Buildings/Shed Building.asset,levels.Array.data[0].unlockIds.Array.data[0].Array.data[2],Element 2,111,Integer,,,"ID fitur yang dibuka ketika level selesai, misalnya kitchen atau storage."
d93f2a1b4c5d46789e0f1a2b3c4d5e63,11400000,Shed Building,Assets/Nature  Paradaise/Resources/Buildings/Shed Building.asset,levels.Array.data[0].unlockIds.Array.data[0].Array.data[3],Element 3,114,Integer,,,"ID fitur yang dibuka ketika level selesai, misalnya kitchen atau storage."
d93f2a1b4c5d46789e0f1a2b3c4d5e63,11400000,Shed Building,Assets/Nature  Paradaise/Resources/Buildings/Shed Building.asset,levels.Array.data[0].unlockIds.Array.data[0].Array.data[4],Element 4,97,Integer,,,"ID fitur yang dibuka ketika level selesai, misalnya kitchen atau storage."
d93f2a1b4c5d46789e0f1a2b3c4d5e63,11400000,Shed Building,Assets/Nature  Paradaise/Resources/Buildings/Shed Building.asset,levels.Array.data[0].unlockIds.Array.data[0].Array.data[5],Element 5,103,Integer,,,"ID fitur yang dibuka ketika level selesai, misalnya kitchen atau storage."
d93f2a1b4c5d46789e0f1a2b3c4d5e63,11400000,Shed Building,Assets/Nature  Paradaise/Resources/Buildings/Shed Building.asset,levels.Array.data[0].unlockIds.Array.data[0].Array.data[6],Element 6,101,Integer,,,"ID fitur yang dibuka ketika level selesai, misalnya kitchen atau storage."
d93f2a1b4c5d46789e0f1a2b3c4d5e63,11400000,Shed Building,Assets/Nature  Paradaise/Resources/Buildings/Shed Building.asset,levels.Array.data[0].unlockIds.Array.data[0].Array.data[7],Element 7,46,Integer,,,"ID fitur yang dibuka ketika level selesai, misalnya kitchen atau storage."
d93f2a1b4c5d46789e0f1a2b3c4d5e63,11400000,Shed Building,Assets/Nature  Paradaise/Resources/Buildings/Shed Building.asset,levels.Array.data[0].unlockIds.Array.data[0].Array.data[8],Element 8,98,Integer,,,"ID fitur yang dibuka ketika level selesai, misalnya kitchen atau storage."
d93f2a1b4c5d46789e0f1a2b3c4d5e63,11400000,Shed Building,Assets/Nature  Paradaise/Resources/Buildings/Shed Building.asset,levels.Array.data[0].unlockIds.Array.data[0].Array.data[9],Element 9,97,Integer,,,"ID fitur yang dibuka ketika level selesai, misalnya kitchen atau storage."
d93f2a1b4c5d46789e0f1a2b3c4d5e63,11400000,Shed Building,Assets/Nature  Paradaise/Resources/Buildings/Shed Building.asset,levels.Array.data[1].capacity,Capacity,16,Integer,0,,"Kapasitas generik, misalnya jumlah hewan atau slot storage."
d93f2a1b4c5d46789e0f1a2b3c4d5e63,11400000,Shed Building,Assets/Nature  Paradaise/Resources/Buildings/Shed Building.asset,levels.Array.data[1].constructionDays,Construction Days,3,Integer,0,,Jumlah pergantian hari sebelum konstruksi selesai.
d93f2a1b4c5d46789e0f1a2b3c4d5e63,11400000,Shed Building,Assets/Nature  Paradaise/Resources/Buildings/Shed Building.asset,levels.Array.data[1].goldCost,Gold Cost,35,Integer,0,,Gold yang dibayar ketika level ini mulai dibangun.
d93f2a1b4c5d46789e0f1a2b3c4d5e63,11400000,Shed Building,Assets/Nature  Paradaise/Resources/Buildings/Shed Building.asset,levels.Array.data[1].level,Level,2,Integer,1,,"Pengaturan Level pada data game. Nilai awal berasal dari asset, bukan contoh. Lihat Inspector untuk konteks entri."
d93f2a1b4c5d46789e0f1a2b3c4d5e63,11400000,Shed Building,Assets/Nature  Paradaise/Resources/Buildings/Shed Building.asset,levels.Array.data[1].materialCosts.Array.data[0].amount,Amount,4,Integer,1,,Jumlah material yang dibutuhkan. Item: Wood.
d93f2a1b4c5d46789e0f1a2b3c4d5e63,11400000,Shed Building,Assets/Nature  Paradaise/Resources/Buildings/Shed Building.asset,levels.Array.data[1].materialCosts.Array.data[1].amount,Amount,2,Integer,1,,Jumlah material yang dibutuhkan. Item: Stone.
d93f2a1b4c5d46789e0f1a2b3c4d5e63,11400000,Shed Building,Assets/Nature  Paradaise/Resources/Buildings/Shed Building.asset,levels.Array.data[1].requiredVillageLevel,Required Village Level,0,Integer,0,,Village Level minimum sebelum level bangunan ini dapat dibeli.
d93f2a1b4c5d46789e0f1a2b3c4d5e63,11400000,Shed Building,Assets/Nature  Paradaise/Resources/Buildings/Shed Building.asset,levels.Array.data[1].unlockIds.Array.data[0].Array.data[0],Element 0,115,Integer,,,"ID fitur yang dibuka ketika level selesai, misalnya kitchen atau storage."
d93f2a1b4c5d46789e0f1a2b3c4d5e63,11400000,Shed Building,Assets/Nature  Paradaise/Resources/Buildings/Shed Building.asset,levels.Array.data[1].unlockIds.Array.data[0].Array.data[10],Element 10,112,Integer,,,"ID fitur yang dibuka ketika level selesai, misalnya kitchen atau storage."
d93f2a1b4c5d46789e0f1a2b3c4d5e63,11400000,Shed Building,Assets/Nature  Paradaise/Resources/Buildings/Shed Building.asset,levels.Array.data[1].unlockIds.Array.data[0].Array.data[11],Element 11,97,Integer,,,"ID fitur yang dibuka ketika level selesai, misalnya kitchen atau storage."
d93f2a1b4c5d46789e0f1a2b3c4d5e63,11400000,Shed Building,Assets/Nature  Paradaise/Resources/Buildings/Shed Building.asset,levels.Array.data[1].unlockIds.Array.data[0].Array.data[12],Element 12,110,Integer,,,"ID fitur yang dibuka ketika level selesai, misalnya kitchen atau storage."
d93f2a1b4c5d46789e0f1a2b3c4d5e63,11400000,Shed Building,Assets/Nature  Paradaise/Resources/Buildings/Shed Building.asset,levels.Array.data[1].unlockIds.Array.data[0].Array.data[13],Element 13,100,Integer,,,"ID fitur yang dibuka ketika level selesai, misalnya kitchen atau storage."
d93f2a1b4c5d46789e0f1a2b3c4d5e63,11400000,Shed Building,Assets/Nature  Paradaise/Resources/Buildings/Shed Building.asset,levels.Array.data[1].unlockIds.Array.data[0].Array.data[14],Element 14,101,Integer,,,"ID fitur yang dibuka ketika level selesai, misalnya kitchen atau storage."
d93f2a1b4c5d46789e0f1a2b3c4d5e63,11400000,Shed Building,Assets/Nature  Paradaise/Resources/Buildings/Shed Building.asset,levels.Array.data[1].unlockIds.Array.data[0].Array.data[15],Element 15,100,Integer,,,"ID fitur yang dibuka ketika level selesai, misalnya kitchen atau storage."
d93f2a1b4c5d46789e0f1a2b3c4d5e63,11400000,Shed Building,Assets/Nature  Paradaise/Resources/Buildings/Shed Building.asset,levels.Array.data[1].unlockIds.Array.data[0].Array.data[1],Element 1,116,Integer,,,"ID fitur yang dibuka ketika level selesai, misalnya kitchen atau storage."
d93f2a1b4c5d46789e0f1a2b3c4d5e63,11400000,Shed Building,Assets/Nature  Paradaise/Resources/Buildings/Shed Building.asset,levels.Array.data[1].unlockIds.Array.data[0].Array.data[2],Element 2,111,Integer,,,"ID fitur yang dibuka ketika level selesai, misalnya kitchen atau storage."
d93f2a1b4c5d46789e0f1a2b3c4d5e63,11400000,Shed Building,Assets/Nature  Paradaise/Resources/Buildings/Shed Building.asset,levels.Array.data[1].unlockIds.Array.data[0].Array.data[3],Element 3,114,Integer,,,"ID fitur yang dibuka ketika level selesai, misalnya kitchen atau storage."
d93f2a1b4c5d46789e0f1a2b3c4d5e63,11400000,Shed Building,Assets/Nature  Paradaise/Resources/Buildings/Shed Building.asset,levels.Array.data[1].unlockIds.Array.data[0].Array.data[4],Element 4,97,Integer,,,"ID fitur yang dibuka ketika level selesai, misalnya kitchen atau storage."
d93f2a1b4c5d46789e0f1a2b3c4d5e63,11400000,Shed Building,Assets/Nature  Paradaise/Resources/Buildings/Shed Building.asset,levels.Array.data[1].unlockIds.Array.data[0].Array.data[5],Element 5,103,Integer,,,"ID fitur yang dibuka ketika level selesai, misalnya kitchen atau storage."
d93f2a1b4c5d46789e0f1a2b3c4d5e63,11400000,Shed Building,Assets/Nature  Paradaise/Resources/Buildings/Shed Building.asset,levels.Array.data[1].unlockIds.Array.data[0].Array.data[6],Element 6,101,Integer,,,"ID fitur yang dibuka ketika level selesai, misalnya kitchen atau storage."
d93f2a1b4c5d46789e0f1a2b3c4d5e63,11400000,Shed Building,Assets/Nature  Paradaise/Resources/Buildings/Shed Building.asset,levels.Array.data[1].unlockIds.Array.data[0].Array.data[7],Element 7,46,Integer,,,"ID fitur yang dibuka ketika level selesai, misalnya kitchen atau storage."
d93f2a1b4c5d46789e0f1a2b3c4d5e63,11400000,Shed Building,Assets/Nature  Paradaise/Resources/Buildings/Shed Building.asset,levels.Array.data[1].unlockIds.Array.data[0].Array.data[8],Element 8,101,Integer,,,"ID fitur yang dibuka ketika level selesai, misalnya kitchen atau storage."
d93f2a1b4c5d46789e0f1a2b3c4d5e63,11400000,Shed Building,Assets/Nature  Paradaise/Resources/Buildings/Shed Building.asset,levels.Array.data[1].unlockIds.Array.data[0].Array.data[9],Element 9,120,Integer,,,"ID fitur yang dibuka ketika level selesai, misalnya kitchen atau storage."
